year	month	globe	globe_land	globe_ocean	nh	nh_land	nh_ocean	sh	sh_land	sh_ocean	trpcs	trpcs_land	trpcs_ocean	noext	noext_land	noext_ocean	soext	soext_land	soext_ocean	nopol	nopol_land	nopol_ocean	sopol	sopol_land	sopol_ocean	usa48	usa49	aust
1978	12	-0.48	-0.52	-0.46	-0.44	-0.47	-0.42	-0.52	-0.62	-0.49	-0.6	-0.62	-0.59	-0.37	-0.45	-0.3	-0.46	-0.55	-0.44	-0.39	-0.68	-0.06	-0.45	-0.37	-0.49	-1.3	-1.15	-1.3
1979	1	-0.47	-0.64	-0.41	-0.64	-0.86	-0.5	-0.31	-0.13	-0.34	-0.47	-0.54	-0.45	-0.73	-0.93	-0.54	-0.22	0.12	-0.29	-0.46	-0.95	0.1	-0.15	-0.15	-0.16	-3.22	-2.42	0.92
1979	2	-0.43	-0.56	-0.38	-0.47	-0.57	-0.41	-0.39	-0.53	-0.36	-0.36	-0.25	-0.39	-0.54	-0.67	-0.42	-0.41	-0.7	-0.36	-2	-2.3	-1.66	-0.8	-1.25	-0.58	-1.76	-1.84	-0.3
1979	3	-0.38	-0.52	-0.33	-0.46	-0.51	-0.44	-0.3	-0.53	-0.26	-0.36	-0.43	-0.34	-0.53	-0.54	-0.52	-0.26	-0.59	-0.21	-0.56	-0.47	-0.65	-0.52	-1.25	-0.18	-0.7	-0.39	0.22
1979	4	-0.4	-0.57	-0.34	-0.47	-0.62	-0.37	-0.34	-0.46	-0.31	-0.35	-0.37	-0.34	-0.54	-0.72	-0.38	-0.33	-0.44	-0.31	-0.84	-0.81	-0.87	-0.26	0.26	-0.51	-0.73	-0.46	-1.12
1979	5	-0.4	-0.56	-0.33	-0.52	-0.54	-0.51	-0.27	-0.62	-0.19	-0.46	-0.55	-0.43	-0.54	-0.52	-0.55	-0.18	-0.7	-0.09	-0.76	-0.55	-1	0.05	-0.43	0.27	-0.82	-0.75	-1.1
1979	6	-0.39	-0.61	-0.31	-0.5	-0.61	-0.43	-0.29	-0.62	-0.22	-0.37	-0.5	-0.33	-0.55	-0.63	-0.48	-0.27	-0.74	-0.19	-0.76	-1.14	-0.32	-0.98	-1.62	-0.67	-0.62	-0.67	-0.57
1979	7	-0.31	-0.57	-0.21	-0.21	-0.33	-0.14	-0.41	-1.11	-0.26	-0.41	-0.56	-0.37	-0.15	-0.33	0.01	-0.37	-1.35	-0.2	-0.2	-0.38	0.01	-0.95	-2.18	-0.37	-0.15	-0.09	-1.16
1979	8	-0.4	-0.54	-0.35	-0.34	-0.37	-0.32	-0.46	-0.91	-0.36	-0.37	-0.35	-0.38	-0.36	-0.43	-0.3	-0.47	-1.17	-0.34	-0.26	-0.35	-0.15	-1	-1.68	-0.69	-0.74	-0.36	-1.06
1979	9	-0.32	-0.44	-0.28	-0.33	-0.31	-0.34	-0.32	-0.73	-0.23	-0.35	-0.42	-0.33	-0.33	-0.29	-0.36	-0.29	-0.95	-0.17	-0.17	-0.02	-0.35	-0.11	-0.65	0.15	0.61	0.68	-0.77
1979	10	-0.17	-0.32	-0.11	-0.15	-0.26	-0.07	-0.19	-0.45	-0.14	-0.19	-0.23	-0.18	-0.15	-0.27	-0.05	-0.16	-0.63	-0.08	-0.22	-0.34	-0.09	-0.3	-0.97	0.02	0.24	0.38	-0.36
1979	11	-0.26	-0.18	-0.29	-0.03	-0.02	-0.03	-0.49	-0.55	-0.48	-0.19	-0.31	-0.16	0.06	0.04	0.08	-0.65	-0.67	-0.65	-0.31	0.16	-0.85	-0.75	-1.02	-0.63	-1.16	-0.62	-0.09
1979	12	-0.2	0	-0.28	-0.12	0.04	-0.21	-0.29	-0.08	-0.33	-0.43	-0.59	-0.38	0.06	0.23	-0.1	-0.23	0.21	-0.3	-0.53	-0.1	-1.03	0.68	0.78	0.63	1.53	0.89	-0.15
1980	1	-0.23	-0.48	-0.13	-0.28	-0.6	-0.07	-0.17	-0.19	-0.17	-0.18	-0.2	-0.17	-0.36	-0.71	-0.04	-0.14	-0.18	-0.14	0.46	0.45	0.48	0.56	0.5	0.59	-0.74	-0.76	-0.35
1980	2	-0.1	-0.14	-0.08	-0.21	-0.22	-0.2	0.01	0.05	0	-0.1	-0.24	-0.05	-0.28	-0.18	-0.37	0.08	0.16	0.06	1.38	1.64	1.08	0.49	0.26	0.6	-1.01	-0.58	0.77
1980	3	-0.16	-0.39	-0.06	-0.33	-0.72	-0.08	0.02	0.35	-0.05	-0.12	-0.15	-0.12	-0.46	-0.9	-0.07	0.11	0.8	-0.01	-0.1	-0.44	0.3	0.91	1.3	0.72	-1.16	-1.03	0.34
1980	4	-0.09	-0.14	-0.07	-0.27	-0.34	-0.23	0.09	0.33	0.04	-0.1	-0.12	-0.09	-0.37	-0.42	-0.32	0.19	0.72	0.1	-0.67	-0.63	-0.7	1.33	2.03	0.99	-0.45	-0.52	-0.1
1980	5	-0.06	-0.11	-0.04	-0.18	-0.25	-0.13	0.06	0.2	0.03	-0.08	-0.14	-0.06	-0.22	-0.29	-0.17	0.13	0.48	0.07	-0.22	-0.56	0.16	0.72	0.94	0.62	-0.54	-0.49	0.2
1980	6	-0.05	-0.26	0.03	-0.07	-0.22	0.03	-0.03	-0.34	0.04	-0.02	-0.22	0.04	-0.1	-0.24	0.03	-0.03	-0.37	0.04	-0.3	-0.55	-0.02	-0.15	-0.23	-0.11	-0.16	-0.1	-0.1
1980	7	-0.17	-0.09	-0.2	-0.2	-0.22	-0.18	-0.14	0.21	-0.21	-0.29	-0.4	-0.26	-0.17	-0.19	-0.16	-0.02	0.76	-0.16	-0.79	-0.78	-0.79	1.53	2.79	0.93	0.64	0.49	-0.72
1980	8	-0.15	-0.14	-0.16	-0.27	-0.27	-0.27	-0.04	0.17	-0.08	-0.39	-0.49	-0.36	-0.22	-0.24	-0.21	0.17	0.73	0.06	-0.03	0.21	-0.3	1.08	1.82	0.74	-0.12	-0.29	0.16
1980	9	-0.18	-0.23	-0.16	-0.34	-0.44	-0.27	-0.02	0.25	-0.07	-0.27	-0.39	-0.23	-0.39	-0.48	-0.31	0.13	0.83	0.01	-0.42	-0.31	-0.55	1.22	2.15	0.78	0.08	0	1.02
1980	10	-0.32	-0.4	-0.29	-0.3	-0.32	-0.28	-0.34	-0.58	-0.29	-0.31	-0.36	-0.29	-0.32	-0.34	-0.3	-0.33	-0.67	-0.27	0.49	0.73	0.2	-0.79	-1.07	-0.65	-0.68	-0.51	-0.36
1980	11	-0.27	-0.1	-0.34	-0.2	-0.02	-0.32	-0.34	-0.27	-0.36	-0.44	-0.52	-0.42	-0.12	0.11	-0.33	-0.25	-0.09	-0.28	-1.28	-0.87	-1.74	-0.04	0.36	-0.23	-0.1	-0.08	0.19
1980	12	-0.37	-0.29	-0.4	-0.28	-0.17	-0.35	-0.46	-0.55	-0.44	-0.45	-0.55	-0.42	-0.2	-0.06	-0.32	-0.47	-0.61	-0.44	-0.54	-0.13	-1.01	-0.78	-0.7	-0.82	1.27	0.94	-0.48
1981	1	-0.23	0.02	-0.32	-0.21	0.21	-0.48	-0.25	-0.42	-0.21	-0.47	-0.58	-0.44	-0.07	0.44	-0.52	-0.13	-0.38	-0.09	1.42	2.32	0.39	-0.46	-0.73	-0.33	0.14	0.74	0.1
1981	2	-0.15	-0.25	-0.11	-0.37	-0.35	-0.38	0.07	-0.04	0.09	-0.44	-0.52	-0.42	-0.34	-0.29	-0.38	0.34	0.28	0.35	-0.24	-0.07	-0.42	0.23	0.19	0.25	0.11	0.1	0.39
1981	3	-0.26	-0.3	-0.24	-0.47	-0.45	-0.48	-0.05	0.02	-0.06	-0.39	-0.49	-0.36	-0.51	-0.38	-0.63	0.13	0.22	0.12	-0.17	-0.05	-0.31	1.02	1.7	0.7	-1.91	-1.33	-1.52
1981	4	-0.25	-0.11	-0.3	-0.01	0.17	-0.12	-0.49	-0.73	-0.44	-0.29	-0.28	-0.29	0.1	0.27	-0.06	-0.55	-1.01	-0.47	-0.15	-0.32	0.03	-0.38	-1.41	0.11	1.97	1.66	-0.11
1981	5	-0.26	-0.37	-0.22	-0.29	-0.4	-0.22	-0.23	-0.3	-0.21	-0.3	-0.39	-0.28	-0.32	-0.42	-0.22	-0.16	-0.17	-0.16	-0.3	-0.25	-0.35	0.13	-0.24	0.31	-0.8	-0.46	-0.75
1981	6	-0.31	-0.4	-0.28	-0.25	-0.28	-0.24	-0.37	-0.67	-0.31	-0.39	-0.45	-0.38	-0.23	-0.26	-0.19	-0.32	-0.74	-0.24	-0.42	-0.27	-0.59	-0.03	0.07	-0.08	0.6	0.2	-0.82
1981	7	-0.21	-0.08	-0.26	-0.2	-0.11	-0.26	-0.22	-0.03	-0.26	-0.47	-0.64	-0.42	-0.07	0.01	-0.14	-0.07	0.51	-0.17	-0.53	-0.47	-0.6	1	2.11	0.47	0.22	0.05	-0.42
1981	8	-0.21	-0.09	-0.25	-0.17	-0.19	-0.17	-0.24	0.11	-0.31	-0.48	-0.52	-0.47	-0.04	-0.14	0.04	-0.08	0.71	-0.22	0.02	0.17	-0.15	1.14	2.7	0.4	-0.2	-0.28	-0.53
1981	9	-0.33	-0.3	-0.34	-0.35	-0.41	-0.31	-0.3	-0.03	-0.36	-0.35	-0.52	-0.3	-0.38	-0.41	-0.35	-0.26	0.42	-0.38	-0.27	-0.5	-0.01	0.88	1.43	0.62	-0.35	-0.61	0.48
1981	10	-0.35	-0.47	-0.31	-0.25	-0.37	-0.18	-0.45	-0.69	-0.4	-0.23	-0.36	-0.19	-0.3	-0.41	-0.2	-0.54	-0.81	-0.49	0.23	0.43	-0.01	-0.3	-0.32	-0.28	-0.6	-0.48	-0.87
1981	11	-0.28	-0.32	-0.26	-0.2	-0.2	-0.21	-0.35	-0.59	-0.3	-0.24	-0.3	-0.22	-0.19	-0.14	-0.24	-0.4	-0.89	-0.31	0.34	0.61	0.04	-1.34	-1.83	-1.11	0.62	0.37	-0.61
1981	12	-0.14	0	-0.19	-0.12	0.04	-0.23	-0.16	-0.08	-0.17	-0.26	-0.13	-0.3	-0.07	0.08	-0.2	-0.08	-0.06	-0.08	-0.23	0.05	-0.56	-0.23	-0.07	-0.3	-0.31	-0.45	0.42
1982	1	-0.37	-0.66	-0.26	-0.48	-0.85	-0.24	-0.26	-0.21	-0.27	-0.31	-0.36	-0.3	-0.55	-0.96	-0.17	-0.25	-0.16	-0.26	-1.23	-1.73	-0.66	0.16	-0.1	0.28	-1.44	-1.29	0.28
1982	2	-0.41	-0.71	-0.29	-0.58	-0.9	-0.37	-0.24	-0.28	-0.23	-0.42	-0.48	-0.41	-0.64	-0.97	-0.34	-0.16	-0.27	-0.14	0.17	0.12	0.22	-0.41	-0.38	-0.43	-0.55	-0.59	-0.09
1982	3	-0.45	-1.02	-0.23	-0.66	-1.13	-0.36	-0.24	-0.78	-0.13	-0.3	-0.36	-0.28	-0.84	-1.28	-0.44	-0.22	-1.24	-0.04	-0.98	-1.33	-0.58	-1.23	-2.57	-0.6	-0.64	-0.53	-0.18
1982	4	-0.44	-0.61	-0.37	-0.48	-0.46	-0.49	-0.41	-0.97	-0.29	-0.41	-0.53	-0.37	-0.51	-0.45	-0.58	-0.41	-1.27	-0.25	-0.89	-0.45	-1.4	-1.09	-1.82	-0.75	-1.44	-1.61	-0.93
1982	5	-0.44	-0.53	-0.4	-0.58	-0.64	-0.54	-0.3	-0.27	-0.3	-0.33	-0.5	-0.28	-0.73	-0.7	-0.75	-0.26	-0.03	-0.31	-1.63	-1.46	-1.82	0.58	0.44	0.65	-0.36	-0.76	-0.43
1982	6	-0.38	-0.73	-0.24	-0.49	-0.7	-0.36	-0.27	-0.79	-0.16	-0.28	-0.47	-0.23	-0.64	-0.8	-0.49	-0.22	-0.91	-0.1	-0.88	-0.93	-0.83	0.26	-0.55	0.65	-1.42	-1.31	-0.88
1982	7	-0.54	-0.55	-0.54	-0.52	-0.54	-0.51	-0.56	-0.57	-0.55	-0.47	-0.51	-0.46	-0.59	-0.59	-0.58	-0.56	-0.51	-0.58	-0.43	-0.41	-0.46	-0.09	0.47	-0.36	-0.42	-0.42	-1.46
1982	8	-0.46	-0.57	-0.41	-0.53	-0.5	-0.55	-0.39	-0.74	-0.31	-0.48	-0.66	-0.43	-0.6	-0.52	-0.66	-0.3	-0.6	-0.24	-0.73	-0.75	-0.7	-0.72	-1.55	-0.33	-0.17	-0.18	0.19
1982	9	-0.46	-0.57	-0.42	-0.42	-0.34	-0.47	-0.51	-1.1	-0.39	-0.48	-0.59	-0.45	-0.44	-0.33	-0.53	-0.48	-1.29	-0.33	-1.02	-0.67	-1.43	-0.96	-2.09	-0.42	-0.47	-0.36	-1.61
1982	10	-0.55	-0.72	-0.49	-0.6	-0.64	-0.58	-0.5	-0.9	-0.42	-0.57	-0.75	-0.52	-0.63	-0.62	-0.63	-0.46	-0.99	-0.37	-1.08	-1.21	-0.93	-0.37	-1.11	-0.01	-0.55	-0.94	-1.28
1982	11	-0.4	-0.54	-0.35	-0.6	-0.75	-0.5	-0.21	-0.07	-0.24	-0.28	-0.47	-0.22	-0.74	-0.81	-0.68	-0.2	0.17	-0.27	-1.22	-1.21	-1.22	0.15	0.49	-0.01	-0.77	-0.74	-0.12
1982	12	-0.28	-0.18	-0.33	-0.2	-0.23	-0.18	-0.37	-0.06	-0.44	-0.12	-0.28	-0.08	-0.23	-0.21	-0.25	-0.5	0.09	-0.61	-0.52	-0.4	-0.66	0.44	0.99	0.18	0.44	0.42	-0.73
1983	1	-0.13	-0.12	-0.14	-0.06	-0.17	0.02	-0.2	0.01	-0.25	0.41	0.01	0.53	-0.29	-0.12	-0.43	-0.55	-0.31	-0.59	-0.72	-0.26	-1.26	0.19	0.03	0.27	0.34	0.09	-1.11
1983	2	-0.33	-0.49	-0.26	-0.46	-0.73	-0.29	-0.19	0.06	-0.24	0.34	0.16	0.39	-0.87	-0.89	-0.86	-0.48	-0.25	-0.52	-0.36	-0.19	-0.57	-0.25	-0.54	-0.11	-0.25	-0.29	-0.04
1983	3	0.02	-0.34	0.16	-0.11	-0.46	0.12	0.14	-0.05	0.18	0.46	0.31	0.5	-0.42	-0.63	-0.23	-0.01	-0.43	0.07	0.04	-0.15	0.25	-0.59	-1.1	-0.34	-1.03	-0.83	-0.2
1983	4	-0.04	-0.37	0.09	-0.25	-0.55	-0.07	0.17	0.04	0.2	0.29	0.21	0.31	-0.54	-0.74	-0.37	0.11	-0.11	0.15	-0.74	-0.52	-1	0.34	0.52	0.26	-2.65	-2.28	-1.08
1983	5	-0.03	-0.21	0.03	-0.29	-0.53	-0.14	0.23	0.53	0.16	0.16	0.25	0.14	-0.55	-0.74	-0.38	0.28	0.75	0.19	-1.2	-1.36	-1.02	1.29	2.15	0.88	-1.6	-1.45	0.25
1983	6	-0.32	-0.61	-0.2	-0.45	-0.7	-0.29	-0.19	-0.41	-0.14	-0.03	-0.09	-0.02	-0.7	-0.87	-0.54	-0.24	-0.6	-0.17	-0.66	-0.52	-0.81	0.45	0.23	0.56	-1.17	-1.03	-0.62
1983	7	-0.13	-0.32	-0.05	-0.13	-0.13	-0.13	-0.13	-0.75	0	0.06	0.13	0.04	-0.26	-0.21	-0.3	-0.21	-1.38	0	-0.28	-0.45	-0.09	-0.82	-1.74	-0.38	0.16	0.04	-1.33
1983	8	-0.1	-0.05	-0.12	-0.07	0.07	-0.15	-0.13	-0.31	-0.09	-0.06	-0.09	-0.05	-0.09	0.08	-0.24	-0.16	-0.38	-0.12	-0.31	-0.25	-0.37	-0.2	-0.15	-0.23	0.85	0.52	-0.71
1983	9	-0.17	0.01	-0.25	-0.16	-0.06	-0.23	-0.18	0.18	-0.26	-0.18	-0.15	-0.19	-0.16	-0.04	-0.26	-0.19	0.43	-0.3	-0.3	-0.01	-0.63	1.19	1.72	0.93	-0.2	-0.51	0.62
1983	10	-0.26	-0.25	-0.26	-0.26	-0.08	-0.37	-0.26	-0.63	-0.18	-0.3	-0.42	-0.27	-0.26	-0.05	-0.46	-0.21	-0.63	-0.13	-0.81	-0.63	-1.02	-0.84	-1.23	-0.65	0.34	0.09	-0.2
1983	11	-0.21	-0.16	-0.24	-0.07	0.17	-0.22	-0.36	-0.9	-0.24	-0.31	-0.41	-0.29	0.03	0.31	-0.23	-0.35	-1.26	-0.19	-0.2	0.36	-0.85	-1.46	-2.62	-0.92	-0.27	-0.13	-0.16
1983	12	-0.43	-0.58	-0.37	-0.37	-0.5	-0.29	-0.48	-0.77	-0.42	-0.49	-0.61	-0.45	-0.31	-0.48	-0.15	-0.48	-0.85	-0.41	0.07	0.32	-0.21	-0.9	-1.53	-0.6	-2.15	-1.36	-0.65
1984	1	-0.5	-0.57	-0.48	-0.54	-0.58	-0.51	-0.47	-0.53	-0.46	-0.61	-0.71	-0.58	-0.49	-0.58	-0.41	-0.41	-0.3	-0.43	-0.91	-0.45	-1.43	0.15	0.04	0.2	-0.6	-0.69	-1.24
1984	2	-0.39	-0.6	-0.31	-0.54	-0.62	-0.49	-0.24	-0.55	-0.17	-0.44	-0.51	-0.42	-0.56	-0.67	-0.46	-0.16	-0.5	-0.1	-0.49	-0.45	-0.53	-0.4	-1.01	-0.11	-0.08	-0.73	-0.61
1984	3	-0.27	-0.39	-0.22	-0.55	-0.58	-0.53	0.01	0.03	0	-0.16	-0.18	-0.15	-0.76	-0.7	-0.81	0.1	0.24	0.07	-0.51	-0.35	-0.7	0.48	0.76	0.34	-1.22	-0.75	-0.6
1984	4	-0.37	-0.55	-0.3	-0.53	-0.64	-0.46	-0.21	-0.36	-0.18	-0.29	-0.32	-0.29	-0.66	-0.77	-0.57	-0.16	-0.26	-0.14	-1.47	-1.54	-1.4	0.05	0.18	-0.02	-1.13	-1.46	-0.64
1984	5	-0.24	-0.14	-0.27	-0.37	-0.31	-0.41	-0.1	0.23	-0.17	-0.45	-0.33	-0.49	-0.34	-0.3	-0.37	0.1	0.66	0	-0.33	-0.16	-0.52	1.71	2.35	1.41	-0.2	-0.57	-0.61
1984	6	-0.35	-0.37	-0.34	-0.24	-0.19	-0.27	-0.45	-0.78	-0.38	-0.52	-0.56	-0.51	-0.09	-0.09	-0.08	-0.42	-0.94	-0.33	-0.03	-0.12	0.06	-0.92	-1.46	-0.67	-0.5	-0.51	-0.1
1984	7	-0.42	-0.55	-0.37	-0.42	-0.42	-0.42	-0.41	-0.83	-0.33	-0.7	-0.72	-0.69	-0.3	-0.37	-0.24	-0.23	-0.81	-0.13	0.04	-0.08	0.18	-0.84	-0.7	-0.9	-0.27	-0.34	-1.27
1984	8	-0.34	-0.46	-0.29	-0.3	-0.29	-0.31	-0.37	-0.86	-0.27	-0.4	-0.43	-0.39	-0.3	-0.32	-0.28	-0.31	-0.98	-0.2	-0.32	-0.53	-0.08	0.25	-0.24	0.48	0.02	0.03	-0.87
1984	9	-0.67	-0.91	-0.58	-0.63	-0.85	-0.49	-0.71	-1.03	-0.64	-0.66	-0.77	-0.63	-0.65	-0.91	-0.41	-0.7	-1.1	-0.63	-0.15	-0.41	0.15	-0.25	-0.36	-0.19	-1.09	-0.97	-2.35
1984	10	-0.23	-0.42	-0.16	-0.26	-0.38	-0.18	-0.2	-0.51	-0.14	-0.29	-0.26	-0.3	-0.27	-0.44	-0.12	-0.13	-0.63	-0.05	0.08	-0.18	0.38	-0.38	-1.38	0.1	-0.94	-0.63	-0.23
1984	11	-0.34	-0.51	-0.27	-0.45	-0.54	-0.4	-0.23	-0.45	-0.18	-0.4	-0.44	-0.39	-0.47	-0.55	-0.39	-0.14	-0.47	-0.08	-0.79	-0.96	-0.58	-0.63	-1.17	-0.38	-0.64	-0.72	0.11
1984	12	-0.38	-0.89	-0.18	-0.64	-1.27	-0.24	-0.11	-0.02	-0.13	-0.37	-0.49	-0.34	-0.75	-1.45	-0.13	-0.01	0.24	-0.05	-0.52	-0.94	-0.05	0.82	1.19	0.64	0.76	0.73	0.35
1985	1	-0.44	-0.4	-0.45	-0.51	-0.52	-0.5	-0.37	-0.14	-0.42	-0.41	-0.25	-0.46	-0.55	-0.58	-0.53	-0.35	-0.07	-0.4	0.6	0.57	0.63	0.22	0.54	0.07	-1.61	-0.83	-0.51
1985	2	-0.64	-0.75	-0.59	-0.59	-0.75	-0.49	-0.68	-0.76	-0.66	-0.59	-0.56	-0.6	-0.58	-0.81	-0.36	-0.75	-0.86	-0.73	-1.12	-1.2	-1.01	-1.27	-1.88	-0.99	-1.58	-1.83	-0.17
1985	3	-0.59	-0.73	-0.53	-0.84	-0.98	-0.75	-0.34	-0.18	-0.37	-0.56	-0.34	-0.62	-0.96	-1.14	-0.8	-0.24	-0.09	-0.27	-1.56	-1.59	-1.53	-0.48	-0.1	-0.66	-0.19	-0.51	-0.1
1985	4	-0.43	-0.42	-0.44	-0.61	-0.46	-0.7	-0.26	-0.33	-0.25	-0.63	-0.64	-0.62	-0.56	-0.41	-0.7	-0.1	-0.1	-0.11	-1.95	-1.63	-2.32	-0.03	0.43	-0.25	0.49	-0.35	-0.24
1985	5	-0.44	-0.49	-0.43	-0.47	-0.39	-0.52	-0.42	-0.71	-0.36	-0.51	-0.58	-0.49	-0.45	-0.35	-0.53	-0.37	-0.77	-0.3	-0.67	-0.82	-0.5	-0.69	-1.04	-0.53	0.31	0.01	-0.99
1985	6	-0.48	-0.55	-0.45	-0.58	-0.6	-0.56	-0.38	-0.42	-0.37	-0.64	-0.87	-0.58	-0.59	-0.6	-0.58	-0.2	0.11	-0.25	-0.74	-0.94	-0.51	0.39	0.56	0.32	-0.38	-0.61	-0.79
1985	7	-0.64	-0.93	-0.53	-0.8	-0.92	-0.72	-0.48	-0.95	-0.38	-0.99	-1.11	-0.96	-0.71	-0.88	-0.55	-0.2	-0.79	-0.1	-0.9	-1.35	-0.38	-0.43	-1.73	0.18	-0.26	-0.22	-0.39
1985	8	-0.39	-0.39	-0.39	-0.52	-0.42	-0.58	-0.26	-0.33	-0.24	-0.63	-0.67	-0.61	-0.48	-0.38	-0.57	-0.05	0	-0.06	-0.88	-0.83	-0.94	0.12	0.44	-0.03	-0.68	-0.73	-0.54
1985	9	-0.54	-0.54	-0.54	-0.57	-0.42	-0.67	-0.5	-0.81	-0.44	-0.7	-0.72	-0.69	-0.53	-0.36	-0.68	-0.38	-0.81	-0.3	-0.31	0.07	-0.75	-0.52	-0.84	-0.37	-1.14	-0.95	-1.16
1985	10	-0.59	-0.71	-0.54	-0.54	-0.57	-0.51	-0.64	-1.02	-0.56	-0.49	-0.56	-0.47	-0.59	-0.63	-0.56	-0.69	-1.2	-0.59	-0.68	-0.9	-0.43	-0.63	-1.37	-0.27	-0.14	-0.55	-1.35
1985	11	-0.42	-0.67	-0.32	-0.44	-0.64	-0.31	-0.39	-0.72	-0.32	-0.45	-0.62	-0.4	-0.47	-0.68	-0.28	-0.33	-0.71	-0.26	0.52	0.48	0.57	-1.05	-2.06	-0.57	-0.74	-0.44	-0.24
1985	12	-0.38	-0.46	-0.35	-0.31	-0.37	-0.27	-0.45	-0.69	-0.4	-0.42	-0.43	-0.42	-0.26	-0.34	-0.2	-0.45	-0.91	-0.37	0.78	1.09	0.42	-1.17	-1.68	-0.93	-1.19	-0.46	-0.23
1986	1	-0.29	-0.19	-0.33	-0.3	-0.1	-0.44	-0.28	-0.38	-0.26	-0.26	-0.3	-0.24	-0.34	-0.07	-0.59	-0.28	-0.36	-0.27	-0.83	-0.42	-1.31	-0.41	-0.24	-0.48	0.94	0.76	-0.64
1986	2	-0.53	-0.5	-0.54	-0.73	-0.73	-0.74	-0.33	0.02	-0.4	-0.62	-0.7	-0.6	-0.77	-0.73	-0.81	-0.19	0.53	-0.32	0.21	0.31	0.09	0.83	2.01	0.27	0.18	0.24	-0.29
1986	3	-0.4	-0.5	-0.37	-0.46	-0.57	-0.39	-0.34	-0.32	-0.35	-0.49	-0.62	-0.46	-0.48	-0.59	-0.38	-0.24	-0.02	-0.27	-1.2	-1.1	-1.32	0.12	0.38	0	0.72	0.37	0.17
1986	4	-0.28	-0.3	-0.27	-0.41	-0.34	-0.45	-0.16	-0.21	-0.14	-0.34	-0.35	-0.33	-0.44	-0.35	-0.51	-0.07	-0.06	-0.07	-1.19	-0.96	-1.46	0.02	-0.1	0.08	0.44	-0.21	-0.21
1986	5	-0.25	-0.34	-0.22	-0.32	-0.42	-0.26	-0.19	-0.16	-0.19	-0.36	-0.42	-0.34	-0.31	-0.43	-0.2	-0.09	0.09	-0.12	-0.76	-1.01	-0.49	0.2	0.31	0.14	0.13	-0.22	-0.08
1986	6	-0.32	-0.37	-0.3	-0.27	-0.26	-0.28	-0.36	-0.62	-0.31	-0.35	-0.45	-0.32	-0.24	-0.22	-0.26	-0.35	-0.69	-0.29	-0.39	-0.68	-0.06	-0.36	-1.19	0.04	0.88	0.69	-0.57
1986	7	-0.37	-0.56	-0.3	-0.42	-0.49	-0.38	-0.33	-0.72	-0.24	-0.56	-0.83	-0.48	-0.39	-0.46	-0.33	-0.16	-0.45	-0.11	-0.69	-0.65	-0.74	0.29	-0.05	0.45	-0.33	-0.23	-1.64
1986	8	-0.37	-0.59	-0.29	-0.39	-0.5	-0.31	-0.36	-0.8	-0.27	-0.3	-0.43	-0.26	-0.51	-0.59	-0.44	-0.32	-0.89	-0.22	-1.07	-0.79	-1.4	-0.31	-0.59	-0.18	-0.53	-0.73	-1.1
1986	9	-0.47	-0.65	-0.4	-0.49	-0.6	-0.43	-0.44	-0.76	-0.38	-0.36	-0.67	-0.27	-0.6	-0.62	-0.58	-0.45	-0.72	-0.41	-1.02	-0.7	-1.39	-0.6	-1.06	-0.39	-1.38	-0.97	-0.4
1986	10	-0.46	-0.59	-0.41	-0.41	-0.47	-0.37	-0.52	-0.85	-0.45	-0.23	-0.49	-0.15	-0.53	-0.52	-0.55	-0.63	-0.96	-0.58	-0.52	-0.14	-0.96	-0.56	-0.63	-0.52	-0.63	-0.28	-1.46
1986	11	-0.28	-0.54	-0.18	-0.41	-0.61	-0.28	-0.16	-0.38	-0.11	-0.19	-0.34	-0.15	-0.55	-0.71	-0.41	-0.11	-0.34	-0.07	-0.53	-0.18	-0.93	-0.07	-0.74	0.25	-0.05	-0.09	0.05
1986	12	-0.23	-0.45	-0.14	-0.28	-0.53	-0.11	-0.18	-0.26	-0.16	-0.1	-0.27	-0.05	-0.37	-0.58	-0.19	-0.22	-0.32	-0.2	-0.99	-1.08	-0.88	-0.5	-0.8	-0.36	-0.08	0.16	-0.46
1987	1	-0.06	0.01	-0.08	0	-0.07	0.05	-0.11	0.17	-0.17	0.04	-0.05	0.07	-0.04	-0.09	0	-0.17	0.37	-0.27	-0.28	-0.55	0.02	0.01	0.68	-0.31	-0.31	-0.23	-0.02
1987	2	-0.08	0.06	-0.14	-0.11	0.15	-0.28	-0.06	-0.14	-0.04	0.03	-0.04	0.05	-0.19	0.21	-0.54	-0.11	-0.27	-0.08	-0.88	-0.48	-1.35	-0.01	-0.54	0.24	0.31	0.11	-0.4
1987	3	-0.33	-0.63	-0.22	-0.42	-0.75	-0.2	-0.25	-0.35	-0.23	0.02	-0.02	0.03	-0.64	-0.92	-0.39	-0.39	-0.67	-0.34	-0.59	-0.58	-0.61	-0.36	-0.6	-0.25	-0.41	-0.24	-1.36
1987	4	-0.04	-0.28	0.05	-0.24	-0.39	-0.15	0.16	-0.01	0.19	0.16	0.05	0.2	-0.45	-0.5	-0.41	0.14	-0.08	0.18	-0.92	-1.23	-0.56	-0.49	-0.57	-0.45	0.53	0.16	0.08
1987	5	-0.21	-0.46	-0.11	-0.45	-0.5	-0.42	0.03	-0.38	0.12	-0.07	-0.11	-0.06	-0.63	-0.59	-0.66	0.08	-0.61	0.2	-0.86	-1.09	-0.59	-0.11	-0.56	0.1	0.56	0.26	-0.28
1987	6	0.04	-0.19	0.13	-0.12	-0.35	0.03	0.2	0.16	0.21	0.26	-0.03	0.34	-0.35	-0.48	-0.23	0.2	0.43	0.16	-0.74	-1.16	-0.27	0.73	1.39	0.42	0.46	0.27	-0.51
1987	7	-0.08	-0.18	-0.04	-0.13	-0.31	-0.02	-0.03	0.13	-0.06	0.22	0.42	0.16	-0.36	-0.53	-0.2	-0.11	-0.02	-0.13	-0.51	-0.76	-0.24	0.66	1.03	0.48	-0.43	-0.37	-1.27
1987	8	-0.18	-0.5	-0.05	-0.23	-0.36	-0.14	-0.13	-0.82	0.02	0.15	0.12	0.16	-0.43	-0.52	-0.34	-0.27	-1.43	-0.06	-0.64	-0.62	-0.66	-0.76	-2.36	0.01	-0.46	-0.29	-0.66
1987	9	-0.24	-0.34	-0.2	-0.17	-0.23	-0.13	-0.31	-0.59	-0.25	0.17	0.18	0.17	-0.39	-0.37	-0.4	-0.52	-1.05	-0.43	-1.01	-0.77	-1.29	-0.26	-0.42	-0.19	-0.85	-1	-1.32
1987	10	-0.07	-0.24	-0.01	-0.08	-0.31	0.07	-0.07	-0.09	-0.06	0.28	0.17	0.31	-0.26	-0.44	-0.11	-0.25	-0.28	-0.25	0.48	0.36	0.63	0.12	0.26	0.05	-0.71	-0.62	-0.44
1987	11	-0.05	-0.19	0	-0.07	-0.22	0.03	-0.03	-0.13	-0.01	0.36	0.26	0.39	-0.31	-0.36	-0.27	-0.22	-0.38	-0.19	-0.98	-1.06	-0.88	-0.62	-1.27	-0.32	0.23	0.03	0.1
1987	12	0.25	0.27	0.24	0.42	0.4	0.43	0.08	-0.01	0.1	0.53	0.45	0.56	0.32	0.39	0.26	-0.12	-0.38	-0.07	-0.41	-0.54	-0.26	-0.2	-0.63	0.01	0.25	0.09	0.19
1988	1	0	-0.07	0.03	-0.01	-0.16	0.09	0.02	0.13	0	0.22	0.16	0.24	-0.15	-0.24	-0.08	-0.07	0.08	-0.1	-0.55	-0.45	-0.66	0.31	0.37	0.28	-1.52	-1.09	-0.25
1988	2	-0.22	-0.5	-0.1	-0.36	-0.63	-0.19	-0.07	-0.23	-0.04	0.09	0.07	0.09	-0.57	-0.78	-0.39	-0.18	-0.55	-0.11	0.08	-0.23	0.44	-0.68	-0.79	-0.63	-1.38	-1.19	-0.48
1988	3	0.03	-0.11	0.09	-0.09	-0.29	0.03	0.15	0.28	0.13	0.37	0.34	0.38	-0.34	-0.48	-0.22	0.04	0.31	0	-0.29	0.04	-0.68	0.16	0.41	0.04	-1.02	-1.01	-0.42
1988	4	-0.09	-0.11	-0.09	-0.31	-0.2	-0.38	0.12	0.09	0.12	-0.01	0.13	-0.05	-0.47	-0.29	-0.62	0.18	0.06	0.2	-1.61	-1.31	-1.95	0.36	0.09	0.5	0.04	-0.15	-0.06
1988	5	-0.04	-0.08	-0.02	-0.04	-0.14	0.03	-0.04	0.05	-0.06	0.06	0.1	0.05	-0.1	-0.23	0.01	-0.08	0.11	-0.11	-0.11	-0.37	0.19	0.22	0.73	-0.02	-0.1	-0.07	0.63
1988	6	-0.05	0.07	-0.1	-0.01	0.09	-0.07	-0.09	0.02	-0.11	-0.3	-0.27	-0.3	0.12	0.16	0.08	0.04	0.33	-0.01	0.1	-0.14	0.39	0.57	1.31	0.22	1.15	0.98	0.4
1988	7	0.03	0.12	-0.01	0.06	0.23	-0.05	0	-0.12	0.02	-0.21	-0.24	-0.2	0.2	0.35	0.06	0.1	-0.02	0.12	0.35	0.5	0.19	0.35	-0.17	0.59	0.19	0.15	0.26
1988	8	-0.06	0.09	-0.12	0.06	0.1	0.03	-0.18	0.07	-0.24	-0.14	-0.07	-0.15	0.17	0.17	0.16	-0.22	0.09	-0.27	0	-0.11	0.12	0.77	0.73	0.8	0.52	0.45	-0.97
1988	9	0.04	0.25	-0.05	0.02	0.24	-0.11	0.05	0.28	0	-0.14	-0.09	-0.15	0.11	0.34	-0.1	0.15	0.52	0.09	0.13	0.54	-0.34	0.91	1.09	0.83	0.3	0.03	0.28
1988	10	-0.21	0.01	-0.3	-0.17	-0.06	-0.23	-0.26	0.19	-0.35	-0.28	-0.13	-0.32	-0.14	-0.04	-0.23	-0.22	0.43	-0.33	-0.26	0.01	-0.57	0.72	1.29	0.46	-0.58	-0.63	1.02
1988	11	-0.27	-0.36	-0.23	-0.35	-0.31	-0.38	-0.18	-0.48	-0.12	-0.48	-0.39	-0.51	-0.32	-0.3	-0.33	0.02	-0.49	0.11	-0.82	-0.41	-1.3	-0.36	-0.8	-0.14	-0.4	-0.7	-0.33
1988	12	-0.33	-0.19	-0.39	-0.4	-0.1	-0.6	-0.26	-0.37	-0.23	-0.8	-0.56	-0.88	-0.19	0.02	-0.38	0.03	-0.24	0.08	-0.17	0.37	-0.79	0.22	-0.46	0.54	-0.39	-0.29	0.35
1989	1	-0.54	-0.7	-0.48	-0.64	-0.65	-0.63	-0.44	-0.81	-0.37	-0.67	-0.63	-0.68	-0.62	-0.66	-0.57	-0.33	-0.91	-0.23	-2.33	-2.28	-2.38	-0.4	-0.65	-0.28	0.48	-0.44	-1.41
1989	2	-0.43	-0.68	-0.33	-0.53	-0.78	-0.38	-0.33	-0.46	-0.3	-0.84	-0.79	-0.85	-0.34	-0.74	0.02	-0.1	-0.31	-0.06	-0.3	0.05	-0.71	-0.13	-0.3	-0.05	-1.01	-0.1	-0.57
1989	3	-0.44	-0.39	-0.46	-0.52	-0.34	-0.64	-0.36	-0.49	-0.33	-0.84	-0.87	-0.83	-0.29	-0.16	-0.41	-0.17	-0.32	-0.14	-0.52	-0.09	-1.02	-0.24	-0.41	-0.15	0.65	0.78	-0.3
1989	4	-0.32	-0.39	-0.29	-0.37	-0.42	-0.35	-0.27	-0.33	-0.26	-0.58	-0.48	-0.61	-0.25	-0.42	-0.1	-0.13	-0.17	-0.12	0.13	-0.01	0.29	-0.27	-0.22	-0.29	0.26	0.51	0.31
1989	5	-0.43	-0.58	-0.37	-0.49	-0.48	-0.49	-0.38	-0.81	-0.29	-0.65	-0.71	-0.63	-0.4	-0.42	-0.39	-0.24	-0.89	-0.12	-0.83	-0.71	-0.97	-1.26	-2.51	-0.66	-0.3	-0.34	0.51
1989	6	-0.41	-0.61	-0.33	-0.44	-0.46	-0.43	-0.37	-0.93	-0.25	-0.65	-0.57	-0.67	-0.38	-0.46	-0.3	-0.18	-1.11	-0.02	-0.42	-0.41	-0.43	-0.77	-1.97	-0.21	-0.5	-0.49	-0.57
1989	7	-0.31	-0.4	-0.28	-0.29	-0.2	-0.36	-0.33	-0.86	-0.22	-0.55	-0.63	-0.53	-0.21	-0.13	-0.28	-0.16	-0.89	-0.03	-0.1	-0.01	-0.21	0.22	-0.41	0.52	0.03	0.11	-1.63
1989	8	-0.3	-0.42	-0.25	-0.31	-0.39	-0.26	-0.29	-0.51	-0.24	-0.49	-0.56	-0.47	-0.25	-0.37	-0.14	-0.16	-0.39	-0.12	-0.11	-0.21	0.02	0.31	0.24	0.35	-0.84	-0.53	-1.72
1989	9	-0.2	-0.14	-0.23	-0.14	-0.09	-0.17	-0.27	-0.24	-0.27	-0.42	-0.38	-0.43	-0.01	-0.04	0.02	-0.17	-0.06	-0.19	-0.11	-0.09	-0.14	0.64	1.07	0.44	-0.15	0.14	-0.21
1989	10	-0.28	-0.2	-0.31	-0.25	-0.18	-0.29	-0.31	-0.25	-0.33	-0.37	-0.43	-0.36	-0.2	-0.13	-0.26	-0.26	-0.07	-0.3	-0.47	-0.42	-0.52	0.2	0.45	0.08	-0.32	-0.35	-0.03
1989	11	-0.3	-0.65	-0.16	-0.43	-0.71	-0.25	-0.17	-0.51	-0.1	-0.18	-0.15	-0.19	-0.57	-0.83	-0.34	-0.16	-0.84	-0.04	-1.04	-0.92	-1.17	-0.7	-1.38	-0.38	-0.25	-0.68	-0.83
1989	12	-0.17	-0.25	-0.15	-0.5	-0.54	-0.48	0.15	0.41	0.1	-0.42	-0.44	-0.41	-0.56	-0.54	-0.58	0.47	0.96	0.38	0.03	0.3	-0.27	1.31	2.07	0.96	-2.24	-1.8	-0.07
1990	1	-0.24	-0.37	-0.19	-0.36	-0.53	-0.26	-0.12	-0.01	-0.14	-0.3	-0.26	-0.31	-0.41	-0.6	-0.24	-0.01	0.19	-0.04	-1.01	-1.64	-0.29	0.6	0.58	0.6	0.89	0.43	0.16
1990	2	-0.36	-0.47	-0.32	-0.42	-0.39	-0.44	-0.31	-0.65	-0.24	-0.43	-0.58	-0.39	-0.37	-0.28	-0.45	-0.29	-0.89	-0.18	-1.51	-1.56	-1.46	-0.39	-0.3	-0.43	0.04	-0.74	-2.04
1990	3	-0.07	0.07	-0.12	0.02	0.22	-0.11	-0.15	-0.25	-0.13	-0.26	-0.38	-0.22	0.17	0.43	-0.07	-0.1	-0.33	-0.06	-0.09	0.47	-0.73	-0.68	-0.67	-0.69	0.55	0.78	0.55
1990	4	-0.2	-0.34	-0.15	-0.33	-0.46	-0.25	-0.07	-0.07	-0.07	-0.12	-0.06	-0.13	-0.45	-0.56	-0.35	-0.05	-0.08	-0.04	-0.41	-0.17	-0.68	0.34	0.53	0.25	0.04	0.41	-0.32
1990	5	-0.04	-0.12	-0.01	-0.12	-0.22	-0.06	0.04	0.1	0.03	-0.09	-0.14	-0.08	-0.15	-0.26	-0.06	0.13	0.32	0.1	-0.31	-0.44	-0.17	0.59	0.92	0.44	-0.98	-0.71	0.48
1990	6	-0.03	-0.11	0	-0.01	0.01	-0.03	-0.05	-0.41	0.03	-0.09	-0.17	-0.07	0.01	0.04	-0.01	-0.01	-0.51	0.08	-0.14	-0.21	-0.05	-0.5	-0.87	-0.32	0.6	0.53	0.05
1990	7	-0.11	-0.16	-0.09	-0.18	-0.22	-0.15	-0.04	-0.02	-0.04	-0.35	-0.47	-0.31	-0.11	-0.18	-0.04	0.14	0.41	0.1	-0.03	-0.16	0.12	1.98	2.56	1.7	-0.42	-0.34	-0.73
1990	8	-0.17	-0.35	-0.1	-0.18	-0.26	-0.12	-0.17	-0.56	-0.09	-0.22	-0.35	-0.19	-0.2	-0.31	-0.1	-0.1	-0.51	-0.02	-0.18	-0.35	0.01	-0.58	-0.95	-0.41	-0.48	-0.23	-0.2
1990	9	-0.28	-0.45	-0.21	-0.27	-0.29	-0.26	-0.29	-0.82	-0.18	-0.27	-0.42	-0.22	-0.3	-0.31	-0.29	-0.27	-0.93	-0.15	-0.64	-0.95	-0.27	-0.41	-1.02	-0.12	0.46	0.37	-0.85
1990	10	-0.14	-0.17	-0.12	-0.11	-0.23	-0.04	-0.16	-0.03	-0.19	-0.12	-0.13	-0.11	-0.13	-0.27	-0.01	-0.16	0.09	-0.21	-1	-1.09	-0.9	-0.24	0.17	-0.43	0.11	-0.22	-0.25
1990	11	0.12	0.15	0.11	0.12	0.1	0.13	0.12	0.28	0.09	0	-0.01	0	0.16	0.11	0.2	0.21	0.54	0.15	-1.63	-1.79	-1.45	0.03	0.06	0.01	1.48	0.73	1.01
1990	12	0.04	0.06	0.03	0.06	-0.02	0.11	0.01	0.25	-0.04	-0.06	-0.03	-0.06	0.1	-0.05	0.24	0.07	0.56	-0.02	-0.96	-0.67	-1.29	0.49	0.85	0.31	-0.45	-0.41	0.44
1991	1	-0.12	-0.35	-0.02	-0.22	-0.47	-0.06	-0.01	-0.08	0	0.11	0.01	0.13	-0.4	-0.61	-0.22	-0.07	-0.13	-0.06	-0.48	-0.34	-0.65	-0.37	-0.34	-0.39	-1.03	-0.72	0.2
1991	2	-0.08	-0.04	-0.1	-0.17	-0.28	-0.1	0.01	0.52	-0.1	0.04	0.01	0.05	-0.27	-0.34	-0.21	-0.02	0.84	-0.17	-0.14	-0.2	-0.08	0.52	1.16	0.21	1.48	1.17	1.24
1991	3	0.11	-0.15	0.2	0.08	-0.18	0.24	0.14	-0.07	0.18	0.09	0.02	0.11	0.06	-0.24	0.32	0.17	-0.12	0.22	-0.08	-0.36	0.25	-0.26	-0.25	-0.26	-0.57	-0.36	-0.08
1991	4	-0.13	-0.03	-0.17	-0.18	-0.11	-0.23	-0.08	0.14	-0.12	-0.11	-0.24	-0.07	-0.23	-0.1	-0.34	-0.05	0.51	-0.15	-0.59	0.03	-1.3	0.71	1.35	0.4	-0.18	-0.25	-0.43
1991	5	-0.01	-0.1	0.03	0.02	-0.09	0.08	-0.03	-0.11	-0.01	0.05	-0.15	0.1	0.01	-0.08	0.09	-0.07	-0.06	-0.08	0.1	0.15	0.03	0.02	-0.52	0.28	0.58	0.47	-0.37
1991	6	0.18	0.21	0.17	0.1	0.12	0.08	0.27	0.43	0.23	0.19	0.13	0.21	0.04	0.08	-0.01	0.31	0.75	0.24	-0.03	0.14	-0.22	1.26	1.92	0.95	-0.19	-0.1	0.89
1991	7	0.01	0.11	-0.03	0	0.03	-0.02	0.02	0.3	-0.03	-0.11	-0.23	-0.07	0.04	0.07	0.01	0.11	0.77	-0.01	0.5	0.4	0.61	1.47	2.35	1.05	-0.23	-0.38	-0.09
1991	8	0.03	0.08	0.01	0.02	0.01	0.03	0.03	0.22	-0.01	-0.2	-0.34	-0.16	0.13	0.09	0.15	0.17	0.69	0.08	0.17	0.11	0.24	1.05	1.74	0.73	-0.13	-0.18	-0.01
1991	9	-0.22	-0.18	-0.23	-0.14	-0.13	-0.15	-0.29	-0.29	-0.29	-0.14	-0.26	-0.1	-0.19	-0.15	-0.22	-0.33	-0.13	-0.37	0.06	0.04	0.09	0.22	0.32	0.17	-0.31	-0.15	-0.58
1991	10	-0.37	-0.4	-0.35	-0.34	-0.41	-0.29	-0.4	-0.37	-0.4	-0.6	-0.72	-0.57	-0.2	-0.34	-0.06	-0.29	-0.08	-0.33	-0.56	-0.46	-0.66	0.38	-0.01	0.57	-0.18	-0.1	0.37
1991	11	-0.4	-0.41	-0.4	-0.31	-0.35	-0.29	-0.49	-0.54	-0.48	-0.46	-0.56	-0.44	-0.25	-0.29	-0.22	-0.49	-0.53	-0.48	-0.46	0.05	-1.05	-0.31	-0.6	-0.16	-0.97	-0.8	-0.32
1991	12	-0.4	-0.39	-0.4	-0.39	-0.49	-0.33	-0.4	-0.17	-0.45	-0.34	-0.42	-0.32	-0.42	-0.48	-0.35	-0.43	-0.06	-0.5	-0.87	-0.91	-0.82	1.03	1.73	0.69	0.77	0.41	-1.41
1992	1	-0.34	-0.31	-0.34	-0.37	-0.36	-0.37	-0.3	-0.2	-0.33	-0.35	-0.52	-0.29	-0.35	-0.22	-0.47	-0.31	-0.27	-0.32	-0.24	-0.12	-0.38	0.37	0.35	0.38	0.29	0.21	-1.42
1992	2	-0.39	-0.41	-0.39	-0.4	-0.52	-0.32	-0.39	-0.15	-0.44	-0.16	-0.37	-0.09	-0.53	-0.53	-0.52	-0.51	-0.09	-0.58	-0.43	-0.11	-0.79	0.05	0.05	0.04	0.59	0.39	-0.12
1992	3	-0.27	-0.42	-0.21	-0.38	-0.56	-0.26	-0.17	-0.08	-0.18	-0.01	-0.09	0.01	-0.59	-0.68	-0.51	-0.23	-0.12	-0.25	-0.21	-0.06	-0.4	-0.04	-0.1	-0.01	-0.49	-0.6	-0.1
1992	4	-0.39	-0.6	-0.31	-0.52	-0.73	-0.39	-0.26	-0.29	-0.25	-0.01	0	-0.01	-0.81	-0.92	-0.71	-0.38	-0.53	-0.35	-1.66	-1.68	-1.62	0.01	-0.32	0.16	0.46	0.15	-0.63
1992	5	-0.36	-0.57	-0.27	-0.62	-0.84	-0.48	-0.1	0.02	-0.12	-0.16	-0.09	-0.18	-0.84	-1	-0.69	-0.08	0	-0.1	-1.6	-1.61	-1.6	0.79	0.76	0.81	0.08	-0.3	-0.27
1992	6	-0.34	-0.55	-0.26	-0.55	-0.8	-0.4	-0.13	0	-0.15	-0.12	-0.17	-0.1	-0.81	-0.99	-0.65	-0.11	0.2	-0.16	-1.12	-1.39	-0.81	0.8	0.99	0.72	-0.68	-0.6	-0.42
1992	7	-0.5	-0.77	-0.39	-0.74	-0.95	-0.61	-0.26	-0.39	-0.23	-0.53	-0.66	-0.49	-0.86	-1.05	-0.7	-0.11	-0.1	-0.11	-1.16	-1.18	-1.13	0.58	0.5	0.62	-1.34	-1.15	-0.23
1992	8	-0.58	-0.76	-0.5	-0.67	-0.76	-0.61	-0.49	-0.75	-0.43	-0.45	-0.64	-0.4	-0.82	-0.83	-0.81	-0.47	-0.72	-0.42	-1.23	-0.94	-1.57	0.08	-0.04	0.14	-1.34	-1.2	-0.75
1992	9	-0.59	-1	-0.43	-0.63	-0.91	-0.45	-0.55	-1.22	-0.42	-0.52	-0.67	-0.47	-0.73	-0.99	-0.49	-0.54	-1.55	-0.35	-1.11	-1.28	-0.92	-1.07	-2.21	-0.53	-0.38	-0.96	-1.08
1992	10	-0.4	-0.56	-0.33	-0.52	-0.56	-0.5	-0.27	-0.57	-0.21	-0.38	-0.41	-0.37	-0.62	-0.6	-0.63	-0.2	-0.68	-0.11	-1.05	-0.79	-1.36	-0.25	-0.53	-0.12	-0.22	-0.42	-1.23
1992	11	-0.4	-0.66	-0.3	-0.42	-0.58	-0.31	-0.38	-0.84	-0.29	-0.56	-0.74	-0.51	-0.32	-0.5	-0.17	-0.3	-1.01	-0.18	-1	-0.97	-1.04	-0.3	-0.92	-0.01	-1.31	-1.14	-1.27
1992	12	-0.45	-0.52	-0.42	-0.41	-0.45	-0.39	-0.48	-0.67	-0.44	-0.45	-0.47	-0.44	-0.41	-0.41	-0.4	-0.49	-0.9	-0.42	-0.75	-0.46	-1.09	-0.17	-1.12	0.27	-0.29	-0.39	-1.03
1993	1	-0.49	-0.47	-0.5	-0.51	-0.51	-0.51	-0.47	-0.37	-0.5	-0.48	-0.7	-0.42	-0.52	-0.45	-0.58	-0.47	-0.14	-0.53	-1.31	-0.77	-1.94	0.37	0.28	0.41	-0.34	-0.53	-0.71
1993	2	-0.44	-0.52	-0.41	-0.45	-0.47	-0.44	-0.42	-0.61	-0.38	-0.59	-0.82	-0.53	-0.36	-0.35	-0.37	-0.36	-0.55	-0.32	0.14	0.33	-0.09	-0.13	-0.49	0.03	-1.35	-0.91	-0.63
1993	3	-0.56	-0.6	-0.54	-0.59	-0.6	-0.58	-0.53	-0.6	-0.51	-0.51	-0.61	-0.48	-0.63	-0.6	-0.66	-0.54	-0.6	-0.53	-0.95	-0.47	-1.51	-0.44	-0.82	-0.26	-0.84	-0.62	-0.71
1993	4	-0.46	-0.72	-0.36	-0.68	-0.86	-0.56	-0.25	-0.4	-0.22	-0.28	-0.44	-0.23	-0.87	-0.96	-0.79	-0.26	-0.41	-0.23	-0.87	-0.88	-0.85	-0.33	-0.88	-0.07	-1.16	-0.91	0
1993	5	-0.33	-0.54	-0.24	-0.43	-0.5	-0.4	-0.22	-0.64	-0.13	-0.19	-0.19	-0.18	-0.56	-0.57	-0.55	-0.24	-1.01	-0.11	-0.06	-0.41	0.34	-0.68	-1.78	-0.16	-0.13	0.03	-0.53
1993	6	-0.21	-0.47	-0.11	-0.33	-0.52	-0.21	-0.09	-0.35	-0.03	-0.08	-0.24	-0.04	-0.47	-0.61	-0.35	-0.08	-0.39	-0.02	-0.52	-0.77	-0.22	-0.04	-1.06	0.44	-0.74	-0.73	-0.22
1993	7	-0.18	-0.37	-0.11	-0.28	-0.34	-0.23	-0.09	-0.42	-0.03	-0.16	-0.27	-0.13	-0.33	-0.38	-0.3	-0.06	-0.48	0.01	-0.07	-0.04	-0.11	-0.16	-0.75	0.12	-0.66	-0.41	0.09
1993	8	-0.31	-0.52	-0.23	-0.39	-0.51	-0.31	-0.23	-0.56	-0.17	-0.32	-0.43	-0.28	-0.45	-0.59	-0.32	-0.16	-0.45	-0.11	-0.56	-0.61	-0.51	0.28	-0.5	0.65	-0.51	-0.44	-0.24
1993	9	-0.5	-0.71	-0.41	-0.6	-0.68	-0.55	-0.39	-0.78	-0.31	-0.42	-0.5	-0.39	-0.71	-0.77	-0.65	-0.37	-0.84	-0.28	-1.1	-1.06	-1.16	-0.27	-0.81	-0.01	-1.06	-0.96	-1.13
1993	10	-0.27	-0.46	-0.19	-0.37	-0.51	-0.28	-0.16	-0.33	-0.12	-0.09	-0.21	-0.06	-0.52	-0.61	-0.45	-0.19	-0.36	-0.16	-0.7	-0.52	-0.91	-0.18	-0.66	0.05	-0.82	-0.48	-0.51
1993	11	-0.25	-0.63	-0.11	-0.37	-0.77	-0.12	-0.13	-0.31	-0.1	0.03	-0.04	0.05	-0.59	-0.98	-0.25	-0.21	-0.43	-0.17	-0.76	-1.08	-0.39	-0.3	-1.12	0.09	-1.07	-0.93	-0.04
1993	12	-0.07	-0.15	-0.03	-0.07	-0.09	-0.05	-0.07	-0.29	-0.02	0.14	0.06	0.17	-0.17	-0.12	-0.21	-0.19	-0.59	-0.12	-1.21	-0.98	-1.48	-0.81	-1.32	-0.56	-0.34	-0.18	-0.26
1994	1	-0.26	-0.38	-0.21	-0.28	-0.4	-0.2	-0.23	-0.34	-0.21	-0.08	-0.09	-0.08	-0.37	-0.5	-0.25	-0.32	-0.49	-0.29	-1.06	-1.27	-0.81	-0.69	-0.78	-0.65	-1.08	-0.76	-0.19
1994	2	-0.36	-0.94	-0.13	-0.46	-1.03	-0.09	-0.25	-0.72	-0.15	-0.21	-0.35	-0.17	-0.59	-1.22	-0.03	-0.28	-0.98	-0.15	-0.72	-1.22	-0.14	-0.93	-1.49	-0.67	-1.09	-0.98	-0.44
1994	3	-0.32	-0.47	-0.26	-0.36	-0.38	-0.35	-0.28	-0.69	-0.19	-0.26	-0.37	-0.23	-0.39	-0.38	-0.39	-0.32	-0.93	-0.21	-1	-0.66	-1.4	-0.46	-1.24	-0.1	0.24	0.03	-1.16
1994	4	-0.28	-0.28	-0.28	-0.3	-0.31	-0.3	-0.25	-0.21	-0.26	-0.21	-0.3	-0.18	-0.34	-0.31	-0.37	-0.28	-0.12	-0.3	-0.27	-0.21	-0.34	-0.1	-0.01	-0.14	0.37	0.25	-0.57
1994	5	-0.22	-0.25	-0.21	-0.12	-0.13	-0.11	-0.32	-0.53	-0.28	-0.17	-0.3	-0.13	-0.09	-0.09	-0.1	-0.39	-0.68	-0.34	-0.53	-0.17	-0.93	-0.66	-1.64	-0.2	0.11	-0.05	-0.11
1994	6	-0.06	0.06	-0.11	-0.06	0.04	-0.11	-0.06	0.11	-0.1	-0.21	-0.4	-0.15	-0.01	0.12	-0.13	0.05	0.59	-0.05	-0.68	-0.6	-0.78	0.79	1.89	0.27	0.78	0.52	-0.32
1994	7	-0.09	-0.09	-0.09	-0.09	-0.06	-0.1	-0.1	-0.14	-0.09	-0.22	-0.41	-0.16	-0.04	0	-0.09	-0.01	0.15	-0.04	0	0.26	-0.3	0.43	0.85	0.23	-0.5	-0.42	-0.02
1994	8	-0.18	-0.23	-0.17	-0.18	-0.09	-0.24	-0.19	-0.53	-0.11	-0.26	-0.33	-0.24	-0.16	-0.02	-0.28	-0.13	-0.7	-0.03	-0.18	0.2	-0.62	-1.01	-1.5	-0.78	-0.18	0.12	-0.61
1994	9	-0.15	-0.15	-0.15	-0.15	-0.17	-0.14	-0.14	-0.1	-0.15	-0.09	-0.24	-0.05	-0.19	-0.15	-0.22	-0.17	0.02	-0.2	-0.46	-0.02	-0.97	0.47	0.41	0.5	-0.55	-0.56	-0.85
1994	10	-0.38	-0.32	-0.4	-0.23	-0.24	-0.23	-0.53	-0.5	-0.54	-0.33	-0.41	-0.3	-0.18	-0.19	-0.17	-0.64	-0.58	-0.65	-0.36	0.04	-0.83	-0.2	-0.22	-0.19	-0.35	-0.54	-0.96
1994	11	-0.08	-0.03	-0.1	0.02	-0.01	0.04	-0.18	-0.06	-0.2	-0.11	-0.13	-0.1	0.1	0.06	0.13	-0.22	-0.11	-0.24	-1.01	-1.05	-0.95	0.27	-0.28	0.54	0.06	-0.31	-0.36
1994	12	-0.04	-0.08	-0.02	0.02	-0.08	0.08	-0.1	-0.08	-0.1	0.13	-0.04	0.18	-0.05	-0.07	-0.04	-0.21	-0.18	-0.21	-0.56	-0.39	-0.76	-0.35	-0.98	-0.05	1.3	0.98	0.03
1995	1	-0.09	-0.03	-0.12	0.04	0.15	-0.02	-0.23	-0.44	-0.19	0.06	-0.06	0.1	0.03	0.23	-0.14	-0.39	-0.78	-0.31	0.28	0.77	-0.27	-0.77	-1.45	-0.45	-0.34	-0.16	-0.64
1995	2	-0.18	-0.03	-0.24	-0.13	0.11	-0.28	-0.23	-0.33	-0.2	-0.12	-0.4	-0.04	-0.12	0.26	-0.46	-0.29	-0.36	-0.28	0.3	0.88	-0.38	-0.31	-0.37	-0.28	0.17	0.15	-0.54
1995	3	-0.19	-0.28	-0.16	-0.28	-0.35	-0.23	-0.11	-0.14	-0.11	-0.02	-0.15	0.01	-0.41	-0.38	-0.44	-0.15	-0.2	-0.15	-0.85	-0.56	-1.19	-0.03	-0.11	0.01	0.33	0.04	-0.08
1995	4	0.02	-0.14	0.08	0	-0.2	0.12	0.04	-0.01	0.05	0.18	0.16	0.18	-0.11	-0.3	0.05	-0.02	-0.14	0	0.99	0.93	1.05	0.21	0	0.31	-1.12	-0.73	-0.41
1995	5	-0.07	-0.26	0	-0.09	-0.26	0.02	-0.06	-0.25	-0.02	0	-0.04	0.01	-0.14	-0.33	0.03	-0.08	-0.38	-0.03	0.08	0.03	0.14	-0.54	-1.16	-0.25	-1.02	-0.65	-0.04
1995	6	0	0.03	-0.01	0.08	0.11	0.07	-0.08	-0.14	-0.07	0.21	0.23	0.21	-0.01	0.04	-0.05	-0.2	-0.31	-0.19	-0.06	-0.09	-0.02	0.18	-0.41	0.46	-0.71	-0.64	-0.52
1995	7	-0.06	0.16	-0.15	-0.06	-0.05	-0.07	-0.06	0.63	-0.2	-0.04	0.11	-0.08	-0.07	-0.08	-0.06	-0.08	0.96	-0.27	-0.24	-0.43	-0.03	1.31	2.73	0.63	-0.28	-0.18	-0.54
1995	8	0.15	0.35	0.07	0.19	0.29	0.13	0.11	0.49	0.04	0.15	0.25	0.13	0.23	0.32	0.15	0.07	0.58	-0.02	0.41	0.39	0.43	0.46	0.66	0.36	1.41	1.1	0.63
1995	9	0.06	-0.02	0.08	0.11	0	0.18	0	-0.05	0.01	0.1	0.13	0.1	0.11	-0.03	0.25	-0.05	-0.2	-0.03	0.37	0.39	0.35	-0.41	-1.06	-0.11	-0.4	0.03	0.31
1995	10	-0.07	-0.07	-0.07	-0.12	-0.04	-0.18	-0.02	-0.13	0	-0.01	0.04	-0.03	-0.17	-0.05	-0.29	-0.04	-0.29	0.01	-1.1	-0.82	-1.42	0.14	-0.4	0.39	0.04	-0.1	0.23
1995	11	-0.05	0.09	-0.1	0.13	0.19	0.09	-0.23	-0.15	-0.24	-0.12	-0.03	-0.15	0.23	0.25	0.21	-0.25	-0.23	-0.25	0.81	0.83	0.78	-0.63	-0.73	-0.59	-0.42	-0.37	0
1995	12	-0.3	-0.53	-0.21	-0.5	-0.68	-0.39	-0.1	-0.18	-0.08	-0.33	-0.4	-0.3	-0.6	-0.71	-0.5	0.02	-0.17	0.05	-0.62	-0.63	-0.61	-0.24	-0.62	-0.05	-0.21	-0.2	0.27
1996	1	-0.29	-0.57	-0.19	-0.32	-0.61	-0.14	-0.27	-0.48	-0.22	-0.36	-0.21	-0.4	-0.32	-0.73	0.04	-0.2	-0.62	-0.12	0.34	-0.22	0.98	-0.43	-0.67	-0.31	-0.79	-0.87	-0.48
1996	2	-0.15	-0.2	-0.13	-0.23	-0.22	-0.24	-0.07	-0.16	-0.06	-0.18	-0.09	-0.21	-0.24	-0.26	-0.23	-0.03	-0.19	0	-0.18	-0.03	-0.36	0.02	0.2	-0.06	0.25	0.04	-0.37
1996	3	-0.08	-0.43	0.06	-0.21	-0.6	0.03	0.05	-0.05	0.07	-0.01	0.01	-0.02	-0.3	-0.76	0.1	0.06	-0.11	0.1	0.77	0.46	1.12	0.11	-0.09	0.21	-1.42	-0.8	0.01
1996	4	-0.21	-0.42	-0.12	-0.48	-0.71	-0.32	0.06	0.24	0.03	-0.15	-0.13	-0.16	-0.64	-0.86	-0.45	0.17	0.49	0.11	-0.29	-0.57	0.03	0.65	1.12	0.43	-0.55	-0.58	0.31
1996	5	-0.23	-0.32	-0.19	-0.26	-0.2	-0.31	-0.19	-0.59	-0.11	-0.16	-0.17	-0.16	-0.34	-0.23	-0.44	-0.18	-0.84	-0.06	-0.8	-0.75	-0.86	-1.04	-2.03	-0.58	0.24	0.26	0.15
1996	6	-0.2	-0.24	-0.19	-0.2	-0.2	-0.2	-0.21	-0.33	-0.18	-0.09	-0.14	-0.07	-0.26	-0.21	-0.3	-0.27	-0.46	-0.23	-0.78	-0.65	-0.93	0.15	-0.44	0.43	0.43	0.26	-0.05
1996	7	-0.1	-0.11	-0.1	-0.12	-0.1	-0.14	-0.08	-0.14	-0.07	-0.1	-0.18	-0.07	-0.15	-0.11	-0.19	-0.06	-0.02	-0.06	-0.56	-0.29	-0.87	0.46	0.74	0.32	-0.1	-0.19	-0.21
1996	8	-0.05	-0.06	-0.04	-0.28	-0.41	-0.2	0.19	0.73	0.08	-0.19	-0.12	-0.21	-0.34	-0.5	-0.2	0.39	1.38	0.22	-0.95	-1.25	-0.61	2.36	3.36	1.88	-0.16	-0.31	-0.3
1996	9	-0.02	-0.21	0.05	-0.27	-0.48	-0.14	0.23	0.4	0.2	0.02	-0.04	0.04	-0.44	-0.62	-0.28	0.35	0.78	0.28	-0.34	-0.64	0	1.44	2.12	1.12	-1.18	-1.25	0.36
1996	10	-0.11	-0.25	-0.05	-0.22	-0.34	-0.15	0.01	-0.05	0.02	-0.08	-0.13	-0.06	-0.32	-0.4	-0.25	0.07	0.04	0.08	-0.54	-0.57	-0.5	0.09	-0.15	0.21	-0.21	-0.54	0.35
1996	11	-0.1	-0.11	-0.1	-0.03	-0.11	0.02	-0.18	-0.1	-0.19	-0.24	-0.31	-0.22	0.08	-0.04	0.19	-0.14	0.02	-0.17	0.94	1.01	0.85	0.45	0.34	0.5	-0.7	-0.28	-0.17
1996	12	-0.2	-0.19	-0.21	-0.19	-0.25	-0.16	-0.21	-0.06	-0.24	-0.3	-0.27	-0.32	-0.11	-0.21	-0.01	-0.19	0.01	-0.22	-0.05	-0.31	0.26	-0.01	0.14	-0.08	-0.3	-0.23	-0.04
1997	1	-0.3	-0.37	-0.27	-0.52	-0.43	-0.58	-0.07	-0.23	-0.04	-0.38	-0.39	-0.38	-0.57	-0.42	-0.71	0.07	-0.16	0.11	-0.86	-0.65	-1.11	-0.19	-0.21	-0.17	-0.56	-0.6	-0.55
1997	2	-0.24	-0.39	-0.19	-0.37	-0.5	-0.28	-0.12	-0.14	-0.12	-0.43	-0.52	-0.41	-0.34	-0.48	-0.22	0.05	0.07	0.05	-1.01	-0.73	-1.33	-0.35	-0.59	-0.23	-0.12	0.04	1.29
1997	3	-0.26	-0.39	-0.21	-0.36	-0.49	-0.27	-0.17	-0.17	-0.17	-0.36	-0.33	-0.37	-0.33	-0.48	-0.19	-0.09	-0.2	-0.07	-0.17	-0.33	0.02	0.32	0.05	0.45	0.69	0.3	-0.24
1997	4	-0.39	-0.48	-0.35	-0.41	-0.44	-0.4	-0.36	-0.59	-0.31	-0.45	-0.61	-0.4	-0.4	-0.37	-0.42	-0.31	-0.64	-0.25	0.05	0.68	-0.67	-0.41	-0.83	-0.21	-1.8	-1.49	-0.74
1997	5	-0.22	-0.54	-0.1	-0.35	-0.51	-0.25	-0.09	-0.61	0.01	-0.24	-0.51	-0.16	-0.42	-0.53	-0.33	0	-0.63	0.11	-0.57	-0.71	-0.4	-0.39	-1.12	-0.04	-0.67	-0.54	-0.19
1997	6	-0.16	-0.19	-0.15	-0.22	-0.2	-0.23	-0.1	-0.17	-0.08	-0.14	-0.14	-0.14	-0.3	-0.24	-0.34	-0.05	-0.13	-0.04	-0.21	-0.3	-0.11	0.88	1.04	0.8	-0.23	-0.16	-1.31
1997	7	-0.04	-0.21	0.03	-0.02	-0.14	0.06	-0.06	-0.35	0	0.28	0.18	0.31	-0.18	-0.25	-0.12	-0.23	-0.7	-0.15	-0.33	-0.49	-0.14	-0.63	-1.79	-0.08	-0.25	-0.19	-0.84
1997	8	-0.04	-0.15	0.01	0.04	0.02	0.06	-0.12	-0.53	-0.03	0.16	0.05	0.2	-0.04	-0.04	-0.04	-0.25	-0.83	-0.15	-0.1	0.06	-0.29	-0.73	-1.55	-0.33	-0.21	0	-0.67
1997	9	-0.11	-0.16	-0.09	0.02	-0.13	0.11	-0.24	-0.22	-0.24	0.28	0.34	0.26	-0.11	-0.25	0.02	-0.52	-0.64	-0.5	0.35	0.23	0.5	-0.88	-1.3	-0.67	0.71	0.75	-0.64
1997	10	-0.06	-0.14	-0.02	-0.06	-0.13	-0.03	-0.05	-0.17	-0.02	0.2	0.15	0.22	-0.19	-0.19	-0.19	-0.2	-0.45	-0.15	0.03	0.25	-0.22	-0.07	-0.32	0.04	-0.54	-0.77	-0.58
1997	11	-0.04	-0.18	0.01	-0.17	-0.4	-0.03	0.09	0.34	0.04	0.22	0.18	0.23	-0.34	-0.54	-0.15	-0.02	0.41	-0.09	-0.4	-0.64	-0.12	0.78	1.14	0.6	-1.22	-0.99	-0.34
1997	12	0.13	0.01	0.18	0.07	-0.19	0.23	0.2	0.47	0.14	0.59	0.38	0.66	-0.21	-0.36	-0.08	-0.01	0.58	-0.12	-0.69	-0.82	-0.53	0.23	0.66	0.02	-0.6	-0.8	0.57
1998	1	0.34	0.01	0.47	0.21	-0.16	0.46	0.46	0.4	0.47	1.04	0.84	1.09	-0.23	-0.42	-0.07	0.17	0.04	0.19	-0.1	-0.08	-0.11	-0.19	-0.61	0.01	0.13	0.14	0.48
1998	2	0.49	0.62	0.44	0.44	0.53	0.38	0.54	0.83	0.49	1.16	1.06	1.18	0.04	0.42	-0.3	0.24	0.56	0.19	-1.46	-1.08	-1.89	0.63	0.54	0.67	0.08	0.09	0.54
1998	3	0.35	-0.02	0.49	0.3	-0.14	0.59	0.39	0.25	0.42	1.04	0.92	1.07	-0.09	-0.38	0.17	0.06	-0.35	0.13	-0.25	-0.31	-0.17	-0.77	-1.27	-0.53	-0.87	-0.35	0.35
1998	4	0.62	0.46	0.68	0.69	0.57	0.76	0.55	0.21	0.63	1.09	1.22	1.05	0.48	0.39	0.56	0.27	-0.52	0.41	-0.12	-0.32	0.11	-0.69	-1.92	-0.11	-0.89	-0.69	0.44
1998	5	0.52	0.54	0.51	0.41	0.43	0.41	0.62	0.79	0.59	0.86	0.89	0.84	0.23	0.3	0.16	0.46	0.73	0.41	-0.22	-0.21	-0.22	0.86	0.41	1.07	0.62	0.48	1.5
1998	6	0.44	0.49	0.42	0.44	0.47	0.43	0.44	0.54	0.42	0.48	0.46	0.48	0.44	0.47	0.42	0.4	0.6	0.37	0.48	0.8	0.12	0.88	0.8	0.92	-0.39	-0.33	0.13
1998	7	0.38	0.47	0.35	0.5	0.64	0.41	0.26	0.09	0.3	0.28	0.42	0.24	0.63	0.72	0.54	0.24	-0.22	0.32	0.84	0.87	0.81	-0.48	-0.86	-0.3	0.76	0.67	-0.35
1998	8	0.39	0.46	0.36	0.36	0.47	0.29	0.42	0.44	0.42	0.32	0.43	0.28	0.39	0.49	0.29	0.47	0.41	0.49	0.37	0.42	0.32	0.36	0.36	0.36	0.59	0.32	0.83
1998	9	0.28	0.23	0.29	0.35	0.38	0.33	0.2	-0.11	0.27	0.2	0.19	0.2	0.42	0.42	0.43	0.21	-0.32	0.31	-0.2	-0.5	0.15	0.09	-0.52	0.38	1.5	1.23	0.43
1998	10	0.24	0.32	0.21	0.32	0.48	0.22	0.17	-0.03	0.21	0.25	0.26	0.24	0.34	0.53	0.17	0.15	-0.22	0.21	-0.52	-0.64	-0.37	-0.67	-1.01	-0.51	0.49	0.47	0.62
1998	11	-0.01	-0.09	0.02	-0.02	-0.06	0.01	0	-0.18	0.04	-0.01	0.07	-0.03	-0.03	-0.1	0.03	0.02	-0.32	0.08	0.09	-0.34	0.58	-0.75	-1.02	-0.62	0.7	0.78	0.53
1998	12	0.13	0.19	0.1	0.11	0.32	-0.03	0.14	-0.12	0.2	-0.1	0.05	-0.14	0.23	0.39	0.09	0.26	-0.24	0.34	-0.05	-0.19	0.12	-0.5	-0.8	-0.36	0.69	0.49	0.39
1999	1	-0.08	0.08	-0.14	-0.05	0.16	-0.18	-0.12	-0.12	-0.12	-0.26	-0.11	-0.31	0.09	0.23	-0.03	-0.06	-0.11	-0.06	-1.03	-0.98	-1.09	-0.84	-0.48	-1.01	0.48	0.01	0.78
1999	2	0.01	0.32	-0.12	-0.03	0.48	-0.35	0.04	-0.03	0.05	-0.38	-0.13	-0.45	0.18	0.64	-0.23	0.23	0.04	0.27	-0.28	-0.14	-0.44	-0.08	-0.26	0	1.12	0.21	-0.06
1999	3	-0.21	-0.29	-0.18	-0.28	-0.39	-0.21	-0.14	-0.06	-0.16	-0.28	-0.08	-0.34	-0.25	-0.5	-0.02	-0.09	0.07	-0.12	-0.07	-0.58	0.51	-0.16	-0.38	-0.06	0	-0.21	0.1
1999	4	-0.11	-0.16	-0.1	0.07	0.18	0	-0.3	-0.92	-0.16	-0.34	-0.28	-0.36	0.3	0.29	0.32	-0.28	-1.34	-0.1	-0.17	-0.22	-0.11	-0.93	-2.19	-0.33	0.1	-0.06	-1.1
1999	5	-0.16	-0.13	-0.17	-0.12	0.01	-0.2	-0.2	-0.44	-0.15	-0.5	-0.44	-0.52	0.09	0.12	0.06	-0.05	-0.44	0.01	-0.04	-0.18	0.12	-0.71	-1.35	-0.4	-0.26	-0.35	0.45
1999	6	-0.29	-0.15	-0.34	-0.13	-0.14	-0.12	-0.44	-0.18	-0.5	-0.46	-0.31	-0.51	0.05	-0.11	0.18	-0.43	-0.03	-0.5	0.04	-0.24	0.37	0.34	0.93	0.07	-0.32	-0.12	-0.59
1999	7	-0.15	-0.06	-0.19	-0.11	0	-0.18	-0.19	-0.18	-0.19	-0.41	-0.38	-0.42	0.05	0.1	0.01	-0.08	-0.07	-0.08	-0.09	-0.26	0.1	-0.12	-0.55	0.09	0.33	0.34	0.51
1999	8	-0.2	-0.14	-0.22	-0.17	-0.16	-0.18	-0.22	-0.09	-0.25	-0.37	-0.38	-0.37	-0.06	-0.1	-0.03	-0.15	0.12	-0.19	-0.37	-0.73	0.04	-0.17	-0.05	-0.22	0.23	0.29	0.14
1999	9	-0.11	0.02	-0.17	-0.05	0.08	-0.13	-0.18	-0.09	-0.2	-0.4	-0.31	-0.43	0.13	0.16	0.1	-0.06	0.12	-0.09	0.29	0.1	0.5	0.35	0.48	0.29	-0.56	-0.5	0.05
1999	10	-0.17	-0.16	-0.18	-0.22	-0.11	-0.29	-0.12	-0.25	-0.09	-0.38	-0.41	-0.37	-0.14	-0.04	-0.23	0.02	-0.14	0.04	-0.44	-0.36	-0.53	0.01	-0.17	0.1	0.53	0.11	-0.23
1999	11	-0.2	-0.21	-0.19	-0.06	0.05	-0.13	-0.33	-0.8	-0.23	-0.4	-0.36	-0.41	0.08	0.12	0.05	-0.27	-1.03	-0.14	-0.18	-0.25	-0.11	-0.6	-1.06	-0.38	1.87	1.32	-1.56
1999	12	-0.16	-0.05	-0.2	-0.01	0.31	-0.22	-0.31	-0.88	-0.19	-0.41	-0.26	-0.46	0.22	0.48	-0.01	-0.28	-1.4	-0.08	-0.56	-0.11	-1.08	-1.19	-2.48	-0.58	0.62	0.12	-0.69
2000	1	-0.41	-0.53	-0.37	-0.42	-0.41	-0.43	-0.4	-0.8	-0.32	-0.39	-0.15	-0.46	-0.41	-0.51	-0.33	-0.44	-1.21	-0.3	-1.08	-1.04	-1.11	-1.44	-2.08	-1.14	0.12	-0.15	-0.74
2000	2	-0.23	-0.19	-0.24	-0.3	-0.1	-0.42	-0.16	-0.39	-0.11	-0.55	-0.57	-0.55	-0.13	0.04	-0.28	0.01	-0.34	0.08	0.11	0.47	-0.3	-0.34	-0.9	-0.08	1.37	1.39	0.46
2000	3	-0.14	-0.19	-0.12	-0.23	-0.1	-0.31	-0.05	-0.39	0.02	-0.47	-0.36	-0.51	-0.08	-0.05	-0.11	0.15	-0.37	0.25	0.21	0.21	0.21	-0.45	-1	-0.19	0.97	1.01	0.4
2000	4	-0.07	0.23	-0.18	0.02	0.45	-0.25	-0.16	-0.26	-0.14	-0.36	-0.28	-0.38	0.23	0.62	-0.12	-0.06	-0.18	-0.04	0.16	0.59	-0.34	-0.67	-0.52	-0.74	0.61	0.49	0
2000	5	-0.04	-0.05	-0.03	-0.04	0.09	-0.12	-0.03	-0.36	0.04	-0.27	-0.18	-0.3	0.08	0.17	0.01	0.1	-0.5	0.2	-0.48	-0.55	-0.41	-0.14	-0.6	0.07	1.3	0.73	-0.13
2000	6	-0.06	-0.01	-0.08	-0.08	0.02	-0.15	-0.05	-0.08	-0.04	-0.37	-0.33	-0.38	0.07	0.1	0.05	0.12	0.15	0.11	-0.38	-0.17	-0.63	0.58	1.17	0.31	0.17	0.11	-0.99
2000	7	-0.18	-0.15	-0.19	-0.17	-0.06	-0.25	-0.18	-0.35	-0.14	-0.36	-0.37	-0.36	-0.12	-0.03	-0.2	-0.04	-0.18	-0.02	-0.01	0.03	-0.06	0.52	0.49	0.53	-0.26	-0.31	-0.32
2000	8	-0.24	-0.16	-0.27	-0.15	-0.09	-0.2	-0.32	-0.32	-0.32	-0.24	-0.27	-0.23	-0.13	-0.07	-0.18	-0.35	-0.27	-0.36	-0.1	-0.31	0.14	0.03	0.46	-0.18	0.31	0.12	-0.73
2000	9	-0.14	-0.1	-0.16	-0.14	-0.17	-0.12	-0.14	0.07	-0.19	-0.26	-0.22	-0.27	-0.09	-0.18	-0.01	-0.07	0.36	-0.15	-0.48	-0.45	-0.52	0.64	1.33	0.32	0.21	0.02	0.38
2000	10	-0.12	-0.33	-0.04	-0.2	-0.35	-0.11	-0.03	-0.28	0.02	-0.04	-0.17	0	-0.29	-0.4	-0.2	-0.03	-0.35	0.03	0.02	-0.21	0.29	-0.36	-0.9	-0.1	-0.37	-0.47	-0.24
2000	11	-0.12	-0.28	-0.06	-0.16	-0.38	-0.01	-0.08	-0.04	-0.09	0.02	-0.06	0.04	-0.26	-0.48	-0.07	-0.12	0	-0.14	0.2	0.18	0.23	0.34	0.79	0.12	-1.78	-1.36	-0.01
2000	12	-0.14	-0.22	-0.11	-0.17	-0.31	-0.09	-0.11	-0.03	-0.13	-0.07	-0.1	-0.07	-0.26	-0.36	-0.17	-0.1	0.02	-0.12	0.02	-0.18	0.26	-0.39	-0.04	-0.55	-1.49	-0.95	0.2
2001	1	-0.19	-0.09	-0.23	-0.18	-0.02	-0.29	-0.2	-0.25	-0.19	-0.33	-0.35	-0.33	-0.13	0.01	-0.26	-0.1	0	-0.12	-0.25	-0.36	-0.12	-0.07	0	-0.1	-0.17	0.04	0.21
2001	2	-0.06	-0.22	0.01	-0.31	-0.43	-0.24	0.2	0.26	0.19	-0.19	-0.24	-0.17	-0.35	-0.47	-0.25	0.38	0.61	0.34	-0.34	-0.72	0.1	0.03	0.35	-0.12	-0.38	-0.13	0.93
2001	3	-0.08	0	-0.11	-0.09	0.07	-0.2	-0.06	-0.16	-0.04	-0.27	-0.43	-0.22	0.03	0.22	-0.14	0.02	0.01	0.02	-0.17	0.09	-0.48	-0.09	0.08	-0.17	-0.98	-0.94	-0.38
2001	4	0.08	0.01	0.1	0.02	0.07	0	0.13	-0.1	0.18	-0.03	-0.07	-0.02	0.06	0.09	0.03	0.21	-0.08	0.26	-0.45	-0.23	-0.71	-0.12	-0.21	-0.08	0.41	0.28	-0.2
2001	5	0.07	0.23	0.01	0.14	0.34	0.01	0	-0.01	0.01	-0.08	-0.08	-0.08	0.24	0.43	0.07	0.06	0.11	0.06	-0.07	0.1	-0.28	0.57	0.88	0.42	0.39	-0.19	-0.68
2001	6	-0.1	-0.06	-0.11	-0.09	0	-0.15	-0.11	-0.21	-0.09	-0.27	-0.48	-0.21	0	0.1	-0.09	-0.01	0.08	-0.03	0.03	0.19	-0.16	-0.05	0.21	-0.17	-0.09	0	0.12
2001	7	-0.05	0.02	-0.08	0	0.08	-0.06	-0.1	-0.1	-0.1	-0.13	-0.2	-0.11	0.04	0.12	-0.03	-0.06	0.06	-0.08	0.11	0.39	-0.21	0.43	0.8	0.25	0.15	0.05	-0.72
2001	8	0.12	0.09	0.13	0.2	0.23	0.17	0.05	-0.22	0.1	0.1	0.02	0.12	0.22	0.26	0.17	0.05	-0.35	0.12	0.49	0.65	0.32	-0.76	-1.65	-0.34	0.35	0.47	0.44
2001	9	-0.17	-0.27	-0.13	-0.17	-0.26	-0.11	-0.17	-0.3	-0.14	-0.22	-0.22	-0.22	-0.17	-0.28	-0.07	-0.13	-0.35	-0.09	0.1	-0.16	0.39	-0.49	-0.25	-0.61	-0.25	-0.18	-0.52
2001	10	0.03	-0.22	0.13	-0.1	-0.14	-0.07	0.16	-0.38	0.27	0.08	-0.07	0.13	-0.2	-0.18	-0.22	0.2	-0.56	0.34	-0.66	-0.57	-0.76	-0.33	-0.7	-0.16	-0.34	-0.63	-0.89
2001	11	0.04	0.11	0.02	0.07	0.29	-0.08	0.02	-0.31	0.09	0.03	0	0.04	0.08	0.37	-0.18	0.02	-0.56	0.12	-0.27	-0.03	-0.55	-0.75	-1.02	-0.62	1.27	1.06	-0.21
2001	12	0.04	-0.1	0.09	0.03	-0.04	0.08	0.04	-0.23	0.1	0.04	0.1	0.02	0.03	-0.06	0.11	0.04	-0.55	0.15	0.65	0.54	0.78	-0.68	-0.71	-0.67	0.17	-0.09	-0.44
2002	1	0.09	0.26	0.03	0.21	0.39	0.09	-0.02	-0.05	-0.01	-0.05	-0.12	-0.03	0.34	0.56	0.15	0	-0.1	0.01	-0.08	0.1	-0.3	0.24	0.7	0.03	0.5	0.52	-0.64
2002	2	0.14	0.3	0.08	0.14	0.51	-0.09	0.14	-0.17	0.2	0.01	0.06	-0.01	0.22	0.64	-0.16	0.2	-0.39	0.31	-1.59	-0.97	-2.32	0.23	-0.37	0.51	0.42	0.08	-0.34
2002	3	0.11	0.21	0.07	0.14	0.19	0.11	0.07	0.27	0.03	0.03	-0.03	0.04	0.21	0.24	0.18	0.09	0.51	0.02	0.73	0.48	1.02	0.97	1.41	0.76	-0.92	-0.56	-0.42
2002	4	0.11	0.03	0.14	0.04	-0.15	0.16	0.18	0.43	0.13	-0.05	0.02	-0.07	0.09	-0.21	0.36	0.29	0.76	0.21	-0.58	-0.72	-0.42	0.66	1.4	0.31	0.97	0.74	0.46
2002	5	0.13	0.15	0.12	0.01	-0.16	0.13	0.24	0.85	0.11	0.14	0.11	0.15	-0.06	-0.25	0.11	0.29	1.45	0.08	0.29	0.12	0.49	1.47	3.03	0.73	-0.55	-0.31	0.57
2002	6	0.17	0.13	0.18	-0.01	-0.04	0	0.35	0.52	0.32	0.07	-0.04	0.1	-0.03	-0.03	-0.04	0.48	0.91	0.4	0	0.03	-0.03	0.82	1.34	0.58	0.54	0.38	1.53
2002	7	0.1	0.16	0.08	0.12	0.13	0.11	0.09	0.24	0.06	0.25	0.19	0.27	0.02	0.08	-0.03	0.03	0.4	-0.03	-0.19	-0.12	-0.27	0.08	0.97	-0.34	0.46	0.27	0.65
2002	8	0.05	-0.14	0.13	-0.15	-0.22	-0.11	0.26	0.05	0.3	0.1	0.09	0.11	-0.29	-0.33	-0.26	0.35	0.1	0.39	-0.24	-0.47	0.02	0.22	-0.1	0.37	-0.25	-0.41	0.28
2002	9	0.04	-0.02	0.06	-0.09	-0.12	-0.07	0.16	0.22	0.15	0.03	-0.03	0.05	-0.16	-0.17	-0.15	0.24	0.48	0.2	-0.16	-0.22	-0.09	1.21	1.34	1.15	0.21	0.27	0.25
2002	10	-0.08	-0.17	-0.05	-0.33	-0.5	-0.22	0.16	0.6	0.07	0.04	-0.03	0.06	-0.49	-0.6	-0.4	0.19	1	0.05	0.63	0.57	0.7	0.86	1.47	0.57	-1.47	-0.85	0.76
2002	11	0.08	0.08	0.08	0.03	0.04	0.02	0.13	0.16	0.12	0.11	0	0.15	0	0.06	-0.06	0.12	0.24	0.1	0.67	0.72	0.61	0.38	0.27	0.44	-0.7	-0.12	0.5
2002	12	0.03	-0.29	0.15	-0.14	-0.43	0.04	0.2	0.03	0.23	0.27	0.13	0.31	-0.35	-0.57	-0.15	0.15	-0.1	0.19	0.49	-0.14	1.22	0.42	0.05	0.59	-0.43	-0.17	-0.37
2003	1	0.2	0.42	0.11	0.31	0.47	0.2	0.09	0.3	0.04	0.32	0.29	0.33	0.29	0.53	0.08	-0.03	0.27	-0.08	0.25	0.41	0.06	0.71	0.67	0.72	0.53	0.82	-0.13
2003	2	0.09	0	0.13	-0.05	-0.23	0.06	0.24	0.49	0.18	0.37	0.29	0.4	-0.29	-0.38	-0.2	0.18	0.72	0.08	-0.19	-0.18	-0.21	0.46	1.4	0.02	-0.93	-0.52	0.03
2003	3	0.02	-0.12	0.07	-0.09	-0.27	0.02	0.13	0.22	0.11	0.14	0.01	0.18	-0.23	-0.35	-0.13	0.13	0.36	0.09	0.15	0.13	0.17	0.24	0.76	0	-0.17	-0.16	-0.48
2003	4	0.03	-0.05	0.06	0.07	-0.06	0.15	-0.01	-0.03	0	0.11	0.1	0.12	0.04	-0.12	0.19	-0.07	-0.1	-0.07	0.05	-0.18	0.3	0.07	-0.1	0.15	0.09	0.23	-0.27
2003	5	0.08	0.03	0.1	0.15	0.04	0.22	0.02	0.02	0.02	0.07	0.14	0.05	0.18	-0.01	0.34	0	-0.02	0.01	0.09	-0.01	0.2	-0.75	-0.88	-0.68	0.1	-0.07	0.76
2003	6	-0.14	-0.25	-0.09	-0.08	-0.25	0.03	-0.19	-0.23	-0.19	-0.18	-0.21	-0.18	-0.01	-0.26	0.21	-0.21	-0.28	-0.2	-0.11	-0.33	0.15	-0.66	-0.95	-0.52	-0.55	-0.47	-0.09
2003	7	-0.05	-0.1	-0.04	-0.11	-0.11	-0.11	0	-0.07	0.01	-0.01	-0.05	0	-0.14	-0.1	-0.17	-0.01	-0.14	0.01	0.16	0.33	-0.04	-0.49	-0.74	-0.36	0.3	0.3	0.36
2003	8	-0.03	-0.06	-0.02	0.04	0.11	-0.01	-0.11	-0.45	-0.03	0	-0.12	0.04	0.04	0.14	-0.05	-0.15	-0.62	-0.06	0.56	0.65	0.45	0.02	-0.48	0.26	0.43	0.31	-0.4
2003	9	-0.02	0.07	-0.06	0.07	0.07	0.07	-0.12	0.06	-0.15	-0.04	-0.18	0	0.12	0.13	0.1	-0.14	0.25	-0.21	0.28	0.52	0.01	0.31	0.4	0.26	-0.47	-0.53	0.72
2003	10	0.13	0.18	0.11	0.28	0.36	0.22	-0.02	-0.24	0.02	0.2	0.19	0.2	0.3	0.4	0.21	-0.12	-0.53	-0.05	0.94	1.09	0.76	-0.73	-0.81	-0.69	0.92	1.05	-0.92
2003	11	0.04	-0.29	0.17	-0.13	-0.43	0.06	0.21	0.04	0.25	0.18	0.12	0.19	-0.28	-0.57	-0.02	0.21	-0.04	0.26	-0.64	-0.88	-0.36	-0.03	-0.26	0.08	-0.31	-0.45	-0.05
2003	12	0.26	0.48	0.17	0.37	0.53	0.26	0.15	0.34	0.11	0.15	0.1	0.16	0.5	0.67	0.35	0.13	0.46	0.07	0.28	0.68	-0.18	0.34	0.87	0.08	0.38	0.31	0.68
2004	1	0.07	0	0.1	-0.04	-0.09	0	0.18	0.21	0.17	0.22	0.17	0.23	-0.16	-0.15	-0.16	0.14	0.2	0.13	0.36	0.25	0.49	0.27	0.57	0.13	-0.42	-0.42	-0.32
2004	2	0.09	0.31	0	0.22	0.34	0.15	-0.05	0.24	-0.11	0.12	-0.09	0.19	0.23	0.44	0.05	-0.1	0.52	-0.21	0.25	0.55	-0.09	0.33	0.96	0.03	-0.61	-0.5	0.8
2004	3	0.23	0.32	0.19	0.34	0.36	0.32	0.11	0.23	0.09	0.17	0.19	0.16	0.41	0.4	0.42	0.1	0.26	0.07	-0.1	-0.35	0.19	0.19	0.39	0.09	1.32	0.99	0.41
2004	4	0.02	-0.08	0.05	0.01	-0.14	0.1	0.02	0.05	0.02	-0.03	-0.07	-0.02	0.04	-0.15	0.21	0.04	0.11	0.03	0.17	-0.46	0.9	-0.22	0.02	-0.33	0.08	0.26	-0.02
2004	5	-0.05	-0.13	-0.01	0.06	-0.02	0.12	-0.16	-0.38	-0.11	-0.06	-0.06	-0.05	0.12	-0.04	0.26	-0.2	-0.55	-0.14	0.15	0.1	0.21	-0.54	-0.55	-0.54	0.35	0.7	-0.27
2004	6	-0.13	-0.31	-0.06	-0.28	-0.45	-0.16	0.01	0	0.01	-0.29	-0.43	-0.25	-0.27	-0.47	-0.09	0.16	0.38	0.12	-0.27	-0.4	-0.12	0	-0.06	0.03	-0.85	-0.38	1.39
2004	7	-0.36	-0.7	-0.23	-0.41	-0.61	-0.29	-0.31	-0.89	-0.19	-0.4	-0.43	-0.4	-0.43	-0.66	-0.23	-0.25	-1.23	-0.08	-0.26	-0.47	-0.02	-1.51	-2.61	-0.99	-0.83	-0.54	-0.34
2004	8	-0.22	-0.41	-0.15	-0.2	-0.43	-0.05	-0.25	-0.34	-0.23	-0.06	-0.09	-0.05	-0.29	-0.54	-0.08	-0.33	-0.5	-0.3	-0.03	-0.32	0.3	-0.96	-1.23	-0.84	-1.49	-0.86	-0.22
2004	9	-0.15	-0.25	-0.11	-0.2	-0.18	-0.21	-0.1	-0.38	-0.04	-0.25	-0.27	-0.24	-0.17	-0.17	-0.17	-0.03	-0.45	0.05	-0.36	-0.38	-0.33	-0.33	-0.96	-0.02	-0.13	-0.45	-0.55
2004	10	-0.01	-0.14	0.04	-0.08	-0.23	0.01	0.06	0.07	0.06	0.01	-0.04	0.02	-0.12	-0.29	0.03	0.07	0.16	0.06	-0.27	-0.54	0.06	-0.02	0.33	-0.18	-0.25	-0.13	0.53
2004	11	-0.07	0	-0.1	0	0.08	-0.05	-0.14	-0.18	-0.14	0.08	0	0.1	-0.04	0.09	-0.15	-0.27	-0.3	-0.26	-0.44	-0.13	-0.79	-0.33	-0.52	-0.24	0.09	0.01	-0.28
2004	12	-0.07	-0.2	-0.02	-0.1	-0.33	0.04	-0.04	0.1	-0.07	0.11	0.11	0.11	-0.21	-0.48	0.02	-0.13	0.17	-0.18	-1.23	-1.38	-1.05	0.29	0.96	-0.03	0.02	0.06	-0.45
2005	1	0.15	0.15	0.15	0.19	0.06	0.28	0.11	0.36	0.06	0.19	0.13	0.21	0.2	0.08	0.31	0.06	0.41	0	0.66	0.63	0.69	0.62	0.82	0.53	0.93	1.09	0.11
2005	2	0.02	-0.24	0.12	-0.09	-0.47	0.15	0.13	0.26	0.1	0.43	0.54	0.39	-0.38	-0.74	-0.06	-0.02	0.07	-0.04	0.44	0.07	0.86	-0.13	0.02	-0.2	0.4	0.25	-0.05
2005	3	0.06	0.04	0.07	0.12	-0.03	0.22	0	0.2	-0.04	0.35	0.3	0.37	-0.01	-0.13	0.09	-0.18	0.15	-0.24	0.58	0.53	0.64	-0.01	0.53	-0.26	-1.14	-0.72	-0.08
2005	4	0.2	0.31	0.16	0.29	0.37	0.23	0.12	0.16	0.11	0.31	0.35	0.3	0.26	0.39	0.14	0.03	-0.03	0.04	0.5	0.67	0.3	-0.19	-0.68	0.03	-0.08	0.03	1.28
2005	5	0.01	-0.07	0.04	-0.11	-0.15	-0.08	0.12	0.1	0.13	0.02	-0.09	0.05	-0.17	-0.12	-0.23	0.18	0.1	0.2	0.53	0.78	0.23	0.08	-0.1	0.16	-0.68	-0.34	0.44
2005	6	0.02	0.06	0	0.11	0.01	0.16	-0.07	0.18	-0.12	0.15	0.14	0.15	0.07	0	0.14	-0.17	0.16	-0.23	0.06	-0.03	0.16	0.34	0.6	0.22	-0.08	0	-0.21
2005	7	0.09	0.09	0.09	0.14	0.02	0.21	0.04	0.23	0.01	0.13	0.04	0.16	0.15	0.04	0.26	-0.02	0.31	-0.07	0.09	-0.11	0.33	-0.01	0.01	-0.02	0.51	0.3	0.49
2005	8	-0.02	-0.03	-0.02	0.04	-0.03	0.09	-0.09	-0.03	-0.1	0.06	0.09	0.05	0.03	-0.06	0.12	-0.18	-0.16	-0.18	0.11	0.08	0.14	-0.07	-0.57	0.17	-0.03	0.17	0.06
2005	9	0.08	0.15	0.05	0.08	0.17	0.01	0.08	0.09	0.08	0.12	0.12	0.13	0.03	0.18	-0.1	0.08	0.11	0.07	-0.49	-0.2	-0.82	0.17	0.72	-0.09	0.49	0.5	0.31
2005	10	0.11	0.27	0.05	0.16	0.32	0.06	0.06	0.17	0.04	-0.03	-0.03	-0.03	0.26	0.42	0.13	0.11	0.29	0.07	0.31	0.36	0.25	0.54	0.63	0.5	0.58	0.32	0.42
2005	11	0.07	0.18	0.03	0.09	0.27	-0.03	0.05	-0.03	0.07	0.08	0.1	0.08	0.09	0.32	-0.11	0.04	-0.13	0.07	0.68	1.17	0.12	-0.06	-0.46	0.13	0.57	0.15	0.3
2005	12	-0.03	0.19	-0.12	-0.02	0.12	-0.11	-0.05	0.34	-0.13	-0.04	-0.02	-0.05	-0.02	0.13	-0.15	-0.04	0.68	-0.17	1.01	1.23	0.76	0.78	1.67	0.36	-0.63	-0.21	0.45
2006	1	0.01	-0.07	0.04	-0.06	-0.16	0.01	0.07	0.13	0.06	-0.09	0.13	-0.16	-0.04	-0.28	0.16	0.17	0.25	0.15	-0.13	-1.18	1.08	0.09	-0.05	0.15	1.38	0.77	0.74
2006	2	0.01	0.1	-0.02	0.09	0.2	0.02	-0.07	-0.12	-0.06	0.09	0.23	0.04	0.1	0.17	0.04	-0.16	-0.32	-0.13	0.65	0.17	1.22	-0.12	-0.41	0.01	-0.45	-0.57	-0.37
2006	3	0.03	0	0.04	-0.03	-0.02	-0.03	0.08	0.05	0.09	-0.17	-0.17	-0.16	0.08	0.02	0.13	0.18	0.19	0.17	0.49	0.28	0.73	0.11	0.28	0.03	-0.58	-0.43	0.31
2006	4	-0.05	-0.08	-0.04	-0.1	-0.1	-0.09	-0.01	-0.02	0	-0.22	-0.28	-0.2	-0.04	-0.06	-0.03	0.12	0.21	0.11	-0.83	-1.15	-0.47	0.09	0.28	0	1.49	0.97	0.27
2006	5	-0.21	-0.31	-0.18	-0.1	-0.1	-0.1	-0.32	-0.76	-0.23	-0.32	-0.44	-0.28	0	-0.02	0.01	-0.32	-1.01	-0.19	0.02	-0.04	0.09	-0.97	-1.43	-0.75	0.2	0.22	-0.84
2006	6	-0.08	0.01	-0.11	-0.03	0.08	-0.1	-0.12	-0.17	-0.11	-0.15	-0.24	-0.12	0.04	0.17	-0.07	-0.12	-0.11	-0.12	0.28	0.43	0.11	-0.09	-0.21	-0.03	0.19	0.1	-0.56
2006	7	-0.02	-0.01	-0.02	0.03	0.05	0.02	-0.07	-0.15	-0.05	0.06	0.04	0.06	0.01	0.03	-0.02	-0.12	-0.23	-0.1	-0.05	-0.13	0.04	-0.75	-1.28	-0.5	0.62	0.45	-0.15
2006	8	0	0.05	-0.02	-0.02	-0.08	0.02	0.02	0.37	-0.05	0.01	-0.02	0.02	-0.03	-0.1	0.04	0.02	0.66	-0.09	0.06	-0.07	0.21	0.22	1.23	-0.26	0.03	-0.19	0.76
2006	9	-0.02	-0.01	-0.03	0.03	0.08	0	-0.08	-0.23	-0.05	-0.11	-0.25	-0.07	0.12	0.16	0.08	-0.08	-0.18	-0.06	1	1.19	0.77	-0.34	-0.47	-0.28	-1.37	-0.92	0.17
2006	10	0.06	-0.02	0.1	-0.01	-0.07	0.03	0.13	0.1	0.14	0.15	0.06	0.18	-0.08	-0.11	-0.06	0.11	0.15	0.11	-0.22	-0.34	-0.08	0.02	-0.19	0.12	-0.82	-0.61	0.29
2006	11	-0.06	-0.06	-0.06	-0.1	-0.12	-0.09	-0.01	0.07	-0.03	-0.04	-0.19	0	-0.12	-0.1	-0.14	-0.02	0.24	-0.06	0.03	-0.12	0.2	-0.12	-0.1	-0.13	0.25	-0.11	0.62
2006	12	0.05	0.15	0.01	0.2	0.4	0.08	-0.11	-0.41	-0.04	0.23	0.07	0.28	0.19	0.47	-0.05	-0.29	-0.71	-0.21	0.36	0.45	0.26	-0.88	-1.28	-0.69	0.82	0.53	-0.96
2007	1	0.29	0.54	0.18	0.37	0.65	0.19	0.2	0.31	0.18	0.45	0.29	0.5	0.35	0.76	-0.02	0.05	0.24	0.01	-0.22	0.41	-0.94	0.43	0.54	0.38	-0.03	-0.2	-0.08
2007	2	0.03	0.01	0.04	0.1	0.04	0.14	-0.04	-0.07	-0.03	0.19	0.19	0.19	0.05	-0.01	0.09	-0.16	-0.23	-0.14	0	-0.64	0.73	-0.25	-0.54	-0.11	-0.85	-0.7	-0.07
2007	3	0.13	0.23	0.09	0.16	0.19	0.14	0.1	0.32	0.05	0.04	0	0.05	0.2	0.23	0.19	0.15	0.6	0.07	-0.06	-0.2	0.09	0.32	0.77	0.11	1.75	0.95	0.74
2007	4	0.02	0.24	-0.06	0.09	0.23	0	-0.05	0.25	-0.11	-0.03	0.04	-0.05	0.15	0.29	0.03	-0.06	0.4	-0.14	0.96	1.07	0.84	0.2	0.83	-0.09	-0.14	0.03	0.24
2007	5	0.02	0.34	-0.11	0.03	0.24	-0.1	0.01	0.57	-0.11	0.02	0.14	-0.02	0.03	0.28	-0.19	0.01	0.87	-0.14	-0.62	-0.49	-0.78	0.64	2.34	-0.16	0.39	0.25	0.54
2007	6	0	0.11	-0.05	0.08	0.07	0.08	-0.09	0.19	-0.14	0	0.02	0	0.11	0.1	0.12	-0.12	0.28	-0.19	0.49	-0.03	1.08	0.75	1.76	0.27	0.09	0.08	-1.57
2007	7	0.05	0.16	0.01	0.09	0.11	0.07	0.02	0.25	-0.03	0.05	0.02	0.05	0.1	0.14	0.06	0.01	0.41	-0.06	0.48	0.4	0.57	0.76	1.57	0.37	0.22	0.23	-0.02
2007	8	0.08	0.18	0.03	0.06	0.18	-0.02	0.1	0.19	0.08	-0.1	-0.02	-0.12	0.16	0.27	0.07	0.17	0.23	0.16	0.3	0.27	0.34	-0.07	0.3	-0.25	0.94	0.93	0.66
2007	9	-0.05	0.09	-0.1	-0.04	0.04	-0.09	-0.06	0.22	-0.11	-0.06	-0.04	-0.06	0	0.09	-0.09	-0.08	0.33	-0.15	-0.62	-0.64	-0.59	-0.77	-0.33	-0.99	0.21	0.23	0.53
2007	10	-0.04	0.06	-0.07	-0.01	0.11	-0.08	-0.07	-0.06	-0.07	-0.23	-0.21	-0.24	0.13	0.2	0.06	0	0.03	0	0.28	0.18	0.38	-0.29	-0.12	-0.37	1.12	0.65	0.43
2007	11	-0.09	-0.05	-0.11	-0.14	-0.04	-0.21	-0.04	-0.07	-0.04	-0.22	-0.07	-0.27	-0.09	-0.02	-0.16	0.05	-0.08	0.07	-0.19	-0.1	-0.29	0.2	0.42	0.09	0.31	0.39	-0.22
2007	12	-0.16	-0.16	-0.15	-0.19	-0.03	-0.29	-0.12	-0.46	-0.05	-0.38	-0.2	-0.43	-0.1	0	-0.18	0.02	-0.6	0.13	0.25	0.17	0.34	-0.44	-1.17	-0.09	-0.1	-0.19	-0.12
2008	1	-0.36	-0.58	-0.28	-0.51	-0.67	-0.41	-0.21	-0.37	-0.18	-0.41	-0.32	-0.44	-0.54	-0.75	-0.35	-0.13	-0.45	-0.08	-0.71	-0.57	-0.86	-0.47	-1.07	-0.18	-1.27	-1.41	0.21
2008	2	-0.29	-0.39	-0.25	-0.2	-0.25	-0.17	-0.39	-0.73	-0.32	-0.55	-0.48	-0.58	-0.01	-0.19	0.14	-0.3	-0.9	-0.19	-0.44	-0.4	-0.48	-0.7	-1.52	-0.32	-0.01	-0.21	-0.67
2008	3	-0.27	0.21	-0.45	-0.06	0.48	-0.4	-0.47	-0.38	-0.49	-0.68	-0.46	-0.74	0.24	0.67	-0.14	-0.34	-0.14	-0.37	-0.26	0.25	-0.84	-0.11	0.38	-0.34	-0.98	-1.02	-0.64
2008	4	-0.25	-0.05	-0.33	-0.09	0	-0.14	-0.41	-0.17	-0.46	-0.63	-0.44	-0.68	0.18	0.12	0.25	-0.28	0.04	-0.34	-0.33	-0.53	-0.1	0.82	1.7	0.4	-0.36	-0.32	-1.13
2008	5	-0.38	-0.19	-0.46	-0.26	-0.13	-0.34	-0.51	-0.32	-0.55	-0.65	-0.48	-0.7	-0.08	-0.06	-0.1	-0.41	-0.14	-0.46	0.4	0.39	0.41	0.19	0.43	0.07	-0.39	-0.45	-0.64
2008	6	-0.31	-0.19	-0.36	-0.3	-0.09	-0.43	-0.32	-0.42	-0.3	-0.45	-0.28	-0.5	-0.21	-0.04	-0.36	-0.27	-0.54	-0.22	-0.34	-0.21	-0.48	-0.91	-1.5	-0.63	-0.48	-0.57	0.44
2008	7	-0.23	-0.13	-0.27	-0.2	-0.17	-0.22	-0.26	-0.04	-0.3	-0.35	-0.29	-0.37	-0.1	-0.12	-0.07	-0.23	0.1	-0.28	-0.14	-0.28	0.02	-0.1	-0.08	-0.11	-0.11	-0.23	-0.58
2008	8	-0.29	-0.23	-0.31	-0.18	-0.03	-0.28	-0.39	-0.68	-0.33	-0.35	-0.13	-0.42	-0.08	0.02	-0.17	-0.42	-1.17	-0.29	0.14	0.12	0.17	-0.8	-1.48	-0.48	-0.16	-0.32	-1.72
2008	9	-0.15	-0.18	-0.14	-0.17	-0.23	-0.14	-0.12	-0.06	-0.14	-0.15	0	-0.19	-0.19	-0.28	-0.11	-0.11	-0.13	-0.1	0.04	-0.04	0.12	-0.1	-0.32	0	-0.47	-0.49	0.12
2008	10	-0.16	0.03	-0.23	-0.14	0.11	-0.3	-0.17	-0.14	-0.18	-0.08	0.05	-0.11	-0.15	0.13	-0.4	-0.25	-0.32	-0.23	-0.48	-0.12	-0.9	-0.83	-1.27	-0.62	-0.09	-0.5	0.41
2008	11	-0.07	0.05	-0.11	-0.12	0.08	-0.25	-0.02	-0.02	-0.02	-0.06	0.16	-0.13	-0.15	0.05	-0.33	0.01	-0.12	0.03	-0.27	-0.15	-0.41	-0.46	-0.73	-0.34	-0.02	-0.3	0.19
2008	12	-0.1	-0.17	-0.07	-0.04	-0.18	0.05	-0.15	-0.14	-0.16	-0.23	-0.07	-0.28	0.07	-0.23	0.34	-0.13	-0.13	-0.13	0.29	-0.03	0.66	-0.51	-0.63	-0.46	-0.39	-0.29	0.11
2009	1	-0.03	0.06	-0.07	0.01	0.11	-0.06	-0.08	-0.06	-0.08	-0.28	-0.12	-0.32	0.18	0.16	0.21	0	0.01	0	0.28	0.24	0.33	-0.09	0	-0.13	0.21	0.05	0.19
2009	2	-0.04	0.18	-0.12	0.09	0.25	-0.02	-0.16	0	-0.19	-0.18	-0.02	-0.23	0.22	0.29	0.17	-0.14	0.16	-0.19	-0.08	-0.32	0.21	-0.33	0.36	-0.66	0	-0.1	0.07
2009	3	-0.09	-0.04	-0.12	-0.14	-0.12	-0.15	-0.05	0.14	-0.09	-0.31	-0.14	-0.36	0	-0.09	0.08	0.04	0.3	-0.01	-0.26	-0.38	-0.13	0.51	0.8	0.38	0.19	-0.07	-0.12
2009	4	-0.13	-0.13	-0.14	-0.15	-0.11	-0.18	-0.12	-0.17	-0.11	-0.1	-0.09	-0.1	-0.18	-0.15	-0.22	-0.13	-0.13	-0.12	-0.38	-0.22	-0.57	-0.51	-0.35	-0.59	-0.48	-0.48	-0.52
2009	5	-0.18	-0.16	-0.19	-0.23	-0.29	-0.2	-0.12	0.14	-0.18	-0.2	-0.2	-0.19	-0.27	-0.34	-0.2	-0.07	0.49	-0.17	-0.34	-0.61	-0.03	0.61	1.75	0.07	0.18	0.22	-0.89
2009	6	-0.29	-0.33	-0.28	-0.38	-0.51	-0.3	-0.21	0.08	-0.27	-0.13	-0.14	-0.12	-0.52	-0.62	-0.44	-0.24	0.29	-0.34	-0.42	-0.28	-0.59	0.34	1.3	-0.11	-0.58	-0.55	-0.05
2009	7	0.08	-0.05	0.14	-0.17	-0.32	-0.07	0.34	0.57	0.29	0.2	0.13	0.22	-0.35	-0.45	-0.26	0.4	0.96	0.3	-0.29	-0.42	-0.14	1.43	2.76	0.8	-1.11	-0.77	0.57
2009	8	-0.06	-0.09	-0.05	-0.08	-0.26	0.03	-0.05	0.28	-0.12	0.21	0.19	0.21	-0.25	-0.4	-0.12	-0.16	0.44	-0.27	-0.41	-0.36	-0.46	0.03	0.27	-0.08	-0.47	-0.46	1.44
2009	9	0.1	0.24	0.04	0.14	0.26	0.07	0.05	0.19	0.03	0.34	0.41	0.32	0.02	0.22	-0.17	-0.08	0.02	-0.09	0.1	0.49	-0.34	-0.44	0.25	-0.77	-0.03	-0.06	0.36
2009	10	0	-0.18	0.07	-0.02	-0.2	0.1	0.02	-0.14	0.06	0.19	0.15	0.21	-0.16	-0.31	-0.02	-0.04	-0.31	0.01	-0.12	-0.26	0.03	-0.31	-0.28	-0.33	-1.23	-0.71	-0.47
2009	11	0.14	0.18	0.12	0.05	0.07	0.04	0.22	0.43	0.18	0.29	0.24	0.31	-0.05	0.04	-0.12	0.16	0.53	0.1	-0.39	-0.71	-0.02	0.54	0.52	0.55	0.83	0.33	0.6
2009	12	-0.01	-0.16	0.05	-0.09	-0.3	0.05	0.07	0.16	0.06	0.3	0.16	0.34	-0.29	-0.44	-0.16	-0.04	0.23	-0.09	0.89	0.38	1.48	0.01	0.19	-0.07	-1.86	-1.16	0.32
2010	1	0.36	0.47	0.32	0.44	0.49	0.41	0.28	0.43	0.25	0.49	0.39	0.53	0.36	0.48	0.25	0.22	0.56	0.16	0.81	0.74	0.89	0.68	1.16	0.46	-0.52	-0.41	0.22
2010	2	0.3	0.25	0.32	0.22	0.14	0.27	0.39	0.51	0.36	0.72	0.69	0.72	-0.06	0.01	-0.13	0.24	0.34	0.22	0.72	0.61	0.84	0.52	0.74	0.42	-2.16	-1.7	-0.37
2010	3	0.39	0.44	0.36	0.4	0.42	0.38	0.38	0.5	0.35	0.66	0.55	0.69	0.24	0.38	0.12	0.24	0.46	0.2	0.28	0.16	0.42	0.33	0.55	0.23	-0.25	-0.36	0.05
2010	4	0.2	0.17	0.21	0.28	0.19	0.34	0.12	0.14	0.12	0.57	0.58	0.57	0.13	0.11	0.14	-0.11	-0.27	-0.09	0.85	0.8	0.91	-0.65	-0.94	-0.52	0.18	0.1	0.62
2010	5	0.29	0.31	0.28	0.42	0.38	0.45	0.15	0.17	0.15	0.68	0.69	0.68	0.27	0.3	0.25	-0.11	-0.23	-0.08	1.1	1.07	1.13	-0.81	-0.57	-0.92	-0.52	-0.39	0.04
2010	6	0.18	0.11	0.21	0.23	0.23	0.24	0.13	-0.16	0.19	0.3	0.38	0.27	0.22	0.21	0.23	0.02	-0.65	0.14	-0.06	-0.28	0.19	-0.99	-1.75	-0.63	0.57	0.41	-0.05
2010	7	0.2	0.13	0.22	0.32	0.41	0.27	0.07	-0.49	0.19	0.13	0.16	0.13	0.44	0.51	0.38	0.02	-1.09	0.22	0.45	0.71	0.15	-1.41	-2.49	-0.89	0.49	0.34	-0.52
2010	8	0.21	0.22	0.21	0.34	0.4	0.3	0.09	-0.2	0.15	0.12	0.26	0.08	0.48	0.46	0.49	0.05	-0.64	0.17	0.58	0.43	0.74	-1.08	-1.88	-0.7	0.85	0.81	-0.08
2010	9	0.2	0.18	0.2	0.15	0.18	0.13	0.24	0.17	0.25	-0.03	0.13	-0.08	0.29	0.25	0.32	0.35	0.05	0.4	0.3	0.02	0.63	0.34	0.29	0.37	0.51	0.78	-0.57
2010	10	0.02	0.07	0.01	-0.01	0.17	-0.13	0.06	-0.17	0.11	-0.12	0.11	-0.19	0.04	0.19	-0.09	0.15	-0.38	0.25	0.39	0.25	0.55	-0.05	-0.15	0	0.1	0.01	-0.92
2010	11	0.01	0.14	-0.04	0.09	0.5	-0.17	-0.06	-0.65	0.06	-0.34	-0.2	-0.38	0.32	0.67	0.01	0.09	-0.95	0.27	0.25	0.7	-0.27	-0.73	-1.28	-0.47	-0.15	0.08	-0.96
2010	12	-0.04	0.08	-0.09	-0.12	0.13	-0.28	0.04	-0.05	0.06	-0.53	-0.28	-0.6	0.1	0.24	-0.03	0.33	0.12	0.37	0.61	0.65	0.57	-0.05	0.08	-0.11	-0.77	-0.84	0.01
2011	1	-0.21	-0.28	-0.18	-0.34	-0.4	-0.31	-0.07	0	-0.08	-0.59	-0.37	-0.66	-0.22	-0.41	-0.04	0.21	0.3	0.19	0.89	0.9	0.88	-0.1	0.48	-0.38	-0.99	-0.56	0.48
2011	2	-0.21	-0.43	-0.13	-0.33	-0.47	-0.23	-0.1	-0.34	-0.05	-0.54	-0.43	-0.58	-0.24	-0.52	0.01	0.16	-0.16	0.22	-0.76	-1.25	-0.21	-0.27	-0.02	-0.38	-0.31	-0.35	-0.41
2011	3	-0.31	-0.33	-0.31	-0.41	-0.41	-0.41	-0.22	-0.16	-0.23	-0.55	-0.5	-0.57	-0.34	-0.39	-0.3	-0.03	0.11	-0.06	0.19	0.11	0.29	0.27	0.44	0.19	-0.21	-0.11	-0.29
2011	4	-0.16	-0.06	-0.2	-0.19	-0.07	-0.27	-0.13	-0.03	-0.15	-0.41	-0.27	-0.45	-0.1	-0.02	-0.17	0.03	0.15	0.01	-0.09	-0.15	-0.02	0.27	1.04	-0.1	0.07	-0.09	-0.46
2011	5	-0.12	-0.11	-0.13	-0.18	-0.1	-0.24	-0.06	-0.13	-0.05	-0.22	0	-0.29	-0.17	-0.12	-0.21	0.03	-0.25	0.08	0.16	0.18	0.13	-0.08	0.06	-0.14	-0.7	-0.53	-0.85
2011	6	0.01	0.09	-0.02	0.02	0.14	-0.05	0	-0.01	0	-0.05	0.15	-0.1	0.04	0.13	-0.04	0.04	-0.14	0.07	0.23	0.2	0.26	0.12	-0.08	0.22	-0.12	-0.15	-0.01
2011	7	0.07	0.23	0.01	0.08	0.17	0.02	0.06	0.37	0	-0.08	0.03	-0.11	0.17	0.2	0.14	0.13	0.63	0.04	0.21	0.3	0.1	1.18	2.08	0.75	0.92	0.66	-0.19
2011	8	0.03	0.15	-0.02	0	0.04	-0.03	0.06	0.41	-0.01	-0.04	0	-0.05	0.03	0.05	0.02	0.09	0.7	-0.02	0.11	0	0.25	1.03	2.1	0.53	0.73	0.43	0.22
2011	9	-0.01	0.14	-0.06	-0.01	0.11	-0.09	0	0.2	-0.04	-0.08	-0.08	-0.09	0.03	0.16	-0.08	0.03	0.41	-0.04	0.26	0.2	0.32	0.65	0.83	0.56	-0.37	-0.4	-0.23
2011	10	-0.23	-0.1	-0.28	-0.17	0.02	-0.29	-0.29	-0.37	-0.27	-0.29	-0.22	-0.31	-0.11	0.06	-0.27	-0.28	-0.4	-0.26	-0.24	-0.15	-0.33	-0.16	0.03	-0.25	-0.28	-0.43	-0.84
2011	11	-0.17	-0.16	-0.18	-0.25	-0.3	-0.21	-0.1	0.15	-0.15	-0.21	-0.17	-0.22	-0.28	-0.35	-0.21	-0.03	0.45	-0.11	-0.4	-0.59	-0.19	0.2	1.04	-0.2	-0.07	-0.63	-0.16
2011	12	-0.12	-0.1	-0.13	-0.15	-0.02	-0.24	-0.1	-0.29	-0.06	-0.2	-0.07	-0.24	-0.13	-0.02	-0.23	-0.04	-0.42	0.03	-0.62	-0.28	-1.02	-0.32	-0.4	-0.28	0.24	-0.03	-0.68
2012	1	-0.34	-0.5	-0.28	-0.39	-0.53	-0.3	-0.29	-0.42	-0.26	-0.34	-0.19	-0.39	-0.42	-0.63	-0.24	-0.26	-0.57	-0.21	-0.11	-0.39	0.22	-0.55	-0.73	-0.46	0.81	-0.02	-0.79
2012	2	-0.38	-0.47	-0.35	-0.37	-0.5	-0.28	-0.4	-0.41	-0.4	-0.49	-0.32	-0.53	-0.28	-0.58	-0.02	-0.38	-0.38	-0.38	0.8	0.72	0.9	-0.04	-0.04	-0.04	0.17	0.15	-1.1
2012	3	-0.17	-0.25	-0.13	-0.21	-0.29	-0.15	-0.12	-0.16	-0.12	-0.38	-0.38	-0.37	-0.08	-0.27	0.08	-0.03	0	-0.04	-0.34	-0.75	0.14	0.29	0.24	0.31	2.24	1.52	-0.21
2012	4	-0.02	0.22	-0.11	0.01	0.4	-0.25	-0.04	-0.18	-0.01	-0.4	-0.3	-0.43	0.28	0.62	-0.03	0.09	-0.19	0.15	0.57	0.9	0.2	-0.04	0.27	-0.18	1.1	1.02	-0.35
2012	5	-0.07	0.17	-0.17	0.1	0.33	-0.05	-0.24	-0.2	-0.25	-0.3	-0.31	-0.3	0.3	0.5	0.13	-0.2	-0.1	-0.22	0.52	0.72	0.28	-0.05	0.12	-0.13	0.81	0.4	-0.83
2012	6	0.01	0.14	-0.05	0.16	0.42	-0.01	-0.15	-0.52	-0.07	-0.3	-0.31	-0.3	0.39	0.61	0.19	-0.05	-0.65	0.05	1.18	1.44	0.89	-0.6	-1.03	-0.4	0.58	0.56	-0.23
2012	7	-0.11	-0.07	-0.13	0.04	0.23	-0.09	-0.27	-0.75	-0.16	-0.09	-0.1	-0.08	0.11	0.35	-0.1	-0.36	-1.32	-0.2	0.2	0.46	-0.11	-1.34	-2.18	-0.95	0.54	0.38	-1.08
2012	8	-0.05	-0.06	-0.05	-0.08	-0.04	-0.11	-0.01	-0.09	0	-0.08	-0.08	-0.09	-0.06	0	-0.11	0	-0.19	0.03	-0.28	-0.4	-0.14	-0.28	-0.51	-0.17	0.13	0.15	-0.33
2012	9	0.04	0.08	0.03	0	0.12	-0.08	0.09	-0.02	0.11	-0.04	-0.13	-0.01	0.04	0.21	-0.11	0.13	-0.03	0.16	0.26	0.56	-0.09	-0.37	-0.8	-0.17	-0.31	-0.37	0.55
2012	10	0.06	0.01	0.08	-0.02	-0.16	0.07	0.13	0.38	0.08	0.04	0.08	0.03	-0.04	-0.2	0.1	0.18	0.54	0.11	0.17	0.09	0.26	0.49	1.02	0.25	-0.61	-0.41	0.21
2012	11	0.03	0.2	-0.04	0	0.1	-0.07	0.06	0.41	-0.01	0.12	0.08	0.13	-0.07	0.09	-0.21	0.03	0.7	-0.09	0.39	0.15	0.67	0.64	1.22	0.36	-0.16	-0.16	0.37
2012	12	0	-0.16	0.07	-0.24	-0.44	-0.1	0.24	0.49	0.19	0.06	0.02	0.07	-0.39	-0.59	-0.22	0.34	0.92	0.24	-0.15	-0.3	0.04	1.42	2.08	1.11	-0.11	-0.33	-0.02
2013	1	0.31	0.28	0.32	0.24	0.13	0.31	0.38	0.64	0.33	0.31	0.36	0.3	0.17	0.06	0.28	0.45	0.87	0.37	0.25	-0.04	0.57	1.27	1.35	1.23	0.67	0.76	0.84
2013	2	-0.03	-0.06	-0.02	0.03	0	0.05	-0.09	-0.2	-0.07	0.1	0.2	0.07	-0.01	-0.07	0.04	-0.19	-0.44	-0.14	-0.34	-0.35	-0.34	-0.11	-0.4	0.03	-0.99	-0.99	-0.95
2013	3	-0.02	0.02	-0.04	0.02	0.07	-0.02	-0.06	-0.1	-0.05	0.11	0.29	0.06	-0.06	0	-0.11	-0.13	-0.36	-0.08	-0.58	-1.08	0	-0.42	-0.64	-0.31	-1.17	-1.04	0.53
2013	4	-0.07	-0.19	-0.02	-0.12	-0.24	-0.04	-0.02	-0.08	-0.01	0.06	0.09	0.05	-0.2	-0.32	-0.1	-0.06	-0.22	-0.04	-0.66	-0.65	-0.67	-0.15	-0.72	0.11	-0.55	-0.81	-0.12
2013	5	-0.12	0.05	-0.19	-0.09	0.09	-0.21	-0.15	-0.04	-0.17	-0.07	0.09	-0.11	-0.09	0.11	-0.28	-0.2	-0.19	-0.21	-0.41	-0.08	-0.79	-0.57	-0.67	-0.53	-0.3	-0.45	0.36
2013	6	0.07	0.22	0.02	0.09	0.23	-0.01	0.06	0.2	0.03	-0.03	0.08	-0.07	0.16	0.28	0.05	0.1	0.25	0.08	0.4	0.63	0.14	-0.4	0.46	-0.8	0.22	0.49	0.1
2013	7	-0.09	-0.12	-0.08	-0.12	-0.12	-0.12	-0.06	-0.12	-0.05	-0.23	-0.15	-0.25	-0.07	-0.1	-0.04	0.04	-0.15	0.07	0.08	0	0.18	-1.02	-0.94	-1.05	-0.27	-0.13	0.24
2013	8	-0.07	0.05	-0.12	-0.11	-0.04	-0.16	-0.03	0.26	-0.1	-0.18	-0.16	-0.19	-0.06	0.02	-0.13	0.02	0.49	-0.06	-0.06	0.15	-0.3	0.34	1.15	-0.04	-0.25	-0.15	0.81
2013	9	0.06	0.3	-0.04	0.09	0.07	0.1	0.02	0.81	-0.14	-0.02	0.04	-0.04	0.14	0.09	0.19	0.05	1.34	-0.18	-0.02	-0.05	0.01	1.13	3.1	0.19	0.6	0.48	0.82
2013	10	0.03	0.22	-0.05	0.12	0.21	0.06	-0.07	0.24	-0.13	-0.15	-0.12	-0.17	0.25	0.29	0.2	-0.01	0.51	-0.1	0.07	0.28	-0.18	0.2	0.9	-0.14	-0.6	-0.16	0.75
2013	11	-0.09	0.13	-0.17	-0.1	0.12	-0.24	-0.07	0.18	-0.12	-0.16	-0.11	-0.17	-0.08	0.16	-0.29	-0.01	0.45	-0.1	-0.75	-0.35	-1.22	-0.22	0.84	-0.72	-0.19	-0.17	-0.17
2013	12	0.02	0.08	-0.01	-0.01	-0.07	0.02	0.05	0.42	-0.03	-0.12	-0.09	-0.13	0.04	-0.05	0.12	0.14	0.78	0.02	0.17	0.51	-0.21	0.93	1.38	0.72	-0.68	-0.26	0.13
2014	1	0.06	0.08	0.05	0.1	0.04	0.13	0.03	0.18	-0.01	-0.22	-0.16	-0.23	0.25	0.07	0.41	0.16	0.49	0.1	0.62	0.24	1.06	0.37	0.85	0.14	-0.56	0.08	0.46
2014	2	-0.02	-0.2	0.05	0.01	-0.2	0.14	-0.05	-0.2	-0.02	-0.19	-0.17	-0.2	0.11	-0.21	0.39	0.03	-0.2	0.08	0.99	0.59	1.46	-0.32	-0.33	-0.32	-0.75	-0.6	-0.12
2014	3	-0.03	-0.08	0	0.03	0.08	-0.01	-0.08	-0.44	0	-0.13	-0.13	-0.13	0.09	0.13	0.05	-0.03	-0.66	0.09	0.48	0.47	0.5	-0.3	-0.69	-0.12	-0.53	-0.29	-0.49
2014	4	-0.01	0.03	-0.02	0.07	0.12	0.05	-0.09	-0.18	-0.08	-0.02	-0.08	0	0.09	0.17	0.03	-0.1	-0.26	-0.08	-0.23	-0.1	-0.37	-0.28	-0.61	-0.12	0	0.07	0.5
2014	5	0.12	0.21	0.08	0.08	0.09	0.07	0.15	0.5	0.08	0.04	0.02	0.05	0.12	0.13	0.11	0.19	0.76	0.09	0.23	0.43	0	0.73	1.54	0.35	-0.21	0.02	0.34
2014	6	0.12	-0.01	0.17	0.02	-0.1	0.1	0.22	0.21	0.22	0.34	0.44	0.31	-0.15	-0.23	-0.08	0.15	-0.02	0.18	-0.27	-0.35	-0.18	-0.79	-0.6	-0.88	-0.3	-0.47	0.39
2014	7	0.08	-0.1	0.15	0.05	-0.08	0.13	0.12	-0.14	0.17	0.24	0.21	0.25	-0.07	-0.19	0.03	0.07	-0.3	0.14	0.03	0.09	-0.03	-0.15	-0.77	0.14	-0.49	-0.48	0.31
2014	8	-0.06	-0.08	-0.06	-0.04	-0.07	-0.03	-0.08	-0.12	-0.08	-0.13	-0.13	-0.13	0	-0.05	0.05	-0.06	-0.11	-0.05	0.1	0.13	0.06	0.01	-0.21	0.11	-0.53	-0.5	-1.02
2014	9	-0.01	0.04	-0.03	-0.11	-0.14	-0.08	0.08	0.46	0	-0.02	-0.05	-0.02	-0.14	-0.15	-0.12	0.12	0.78	0	-0.63	-0.6	-0.67	0.53	1.39	0.12	0.16	0.24	0.09
2014	10	0.09	0.16	0.06	0.08	0.07	0.1	0.09	0.37	0.03	0.03	0.08	0.02	0.11	0.07	0.14	0.11	0.56	0.04	-0.21	-0.3	-0.11	0.05	0.06	0.05	0.82	0.61	0.64
2014	11	0.1	-0.04	0.16	0.12	-0.12	0.28	0.09	0.15	0.07	0.11	0.05	0.13	0.12	-0.16	0.38	0.08	0.21	0.05	0.66	0.42	0.93	0.02	0.37	-0.15	-1.09	-0.5	0.56
2014	12	0.1	0.18	0.07	0.19	0.32	0.1	0.02	-0.12	0.05	0.13	0.09	0.14	0.21	0.36	0.08	-0.04	-0.23	0	0.12	0.38	-0.18	-0.6	-0.78	-0.52	0.66	0.85	0.27
2015	1	0.16	0.26	0.13	0.31	0.43	0.23	0.02	-0.11	0.05	0.04	-0.1	0.08	0.45	0.55	0.36	0.01	-0.08	0.02	-0.21	0.06	-0.53	-0.08	-0.12	-0.06	0.94	1.1	-0.22
2015	2	0.04	0.24	-0.03	0.12	0.35	-0.02	-0.03	-0.02	-0.04	-0.18	0.01	-0.24	0.28	0.43	0.15	0.04	-0.01	0.05	-0.18	0.14	-0.55	0.03	0.09	0.01	0.22	0.48	0
2015	3	0.06	0.2	0.01	0.12	0.26	0.04	0.01	0.08	-0.01	-0.05	-0.11	-0.03	0.22	0.38	0.08	0.02	0.13	0	-0.08	0.09	-0.27	0.13	0.14	0.12	1.57	1.38	0.14
2015	4	-0.03	-0.08	-0.01	0.03	0.02	0.03	-0.09	-0.32	-0.04	-0.02	-0.12	0.01	0.07	0.06	0.07	-0.13	-0.48	-0.07	0.11	-0.1	0.35	-0.55	-0.82	-0.42	0.22	0.07	-0.64
2015	5	0.14	0.14	0.14	0.15	0.17	0.14	0.13	0.06	0.15	0.14	0.1	0.15	0.15	0.18	0.12	0.14	0.07	0.16	0.19	0.4	-0.06	0.22	-0.36	0.49	-0.38	0.04	0.03
2015	6	0.18	0.19	0.18	0.21	0.2	0.21	0.15	0.16	0.15	0.31	0.34	0.3	0.16	0.17	0.16	0.06	0	0.07	0.07	0.16	-0.04	-0.95	-0.95	-0.95	0.87	0.81	0.45
2015	7	0.02	-0.07	0.06	0.12	0.07	0.14	-0.07	-0.4	0	0.31	0.43	0.27	0.01	-0.03	0.03	-0.26	-1	-0.12	-0.08	-0.12	-0.02	-1.28	-1.9	-0.98	-0.17	-0.22	-0.59
2015	8	0.13	-0.08	0.21	0.06	-0.07	0.15	0.19	-0.11	0.25	0.38	0.41	0.37	-0.1	-0.19	-0.03	0.09	-0.53	0.2	-0.36	-0.37	-0.35	-0.7	-1.58	-0.29	-0.15	-0.22	-0.44
2015	9	0.09	-0.08	0.15	0.16	0.03	0.25	0.01	-0.31	0.08	0.4	0.44	0.39	0.04	-0.06	0.13	-0.21	-0.96	-0.07	-0.06	-0.15	0.05	-1	-1.85	-0.6	0.58	0.3	-0.6
2015	10	0.28	0.41	0.23	0.46	0.45	0.48	0.09	0.33	0.04	0.42	0.45	0.41	0.48	0.45	0.51	-0.07	0.24	-0.13	0.34	0.25	0.45	-0.32	0.2	-0.56	1.19	1.28	0.41
2015	11	0.21	0.35	0.16	0.31	0.43	0.24	0.11	0.18	0.09	0.41	0.42	0.41	0.28	0.45	0.13	-0.07	-0.07	-0.07	-0.38	-0.3	-0.46	-0.58	-0.36	-0.69	0.79	0.47	0.57
2015	12	0.35	0.45	0.32	0.47	0.54	0.42	0.24	0.26	0.24	0.51	0.25	0.59	0.46	0.65	0.3	0.08	0.16	0.06	-0.53	-0.26	-0.83	0.17	0.06	0.22	1.36	1.03	0.18
2016	1	0.42	0.42	0.42	0.57	0.56	0.58	0.27	0.09	0.31	0.77	0.57	0.82	0.48	0.61	0.37	0	-0.43	0.08	2.12	2.26	1.96	-0.49	-0.86	-0.32	-0.61	-0.15	-0.76
2016	2	0.7	0.92	0.62	0.97	1.16	0.84	0.44	0.37	0.45	0.88	0.8	0.91	1	1.25	0.76	0.22	0.04	0.25	1.25	1.33	1.16	-0.52	-0.79	-0.39	0.96	1.06	0.44
2016	3	0.64	0.82	0.57	0.8	0.99	0.68	0.48	0.45	0.49	1.01	1	1.02	0.69	0.99	0.42	0.21	0.04	0.24	1.25	1.3	1.19	-0.39	-0.26	-0.44	1.1	1.16	0.48
2016	4	0.61	0.72	0.56	0.7	0.78	0.66	0.51	0.6	0.49	0.84	0.72	0.88	0.64	0.82	0.47	0.33	0.43	0.32	1.48	1.68	1.24	0.23	0.06	0.31	0.6	0.79	0.85
2016	5	0.42	0.42	0.41	0.46	0.32	0.55	0.37	0.66	0.31	0.59	0.48	0.62	0.41	0.27	0.54	0.24	0.8	0.14	0.77	0.57	1	1	1.5	0.77	-0.66	-0.25	1.32
2016	6	0.21	0.14	0.24	0.34	0.33	0.34	0.08	-0.3	0.16	0.24	0.14	0.26	0.4	0.39	0.42	-0.02	-0.67	0.09	0.55	0.7	0.39	-1.1	-1.88	-0.73	1.05	0.94	0.93
2016	7	0.26	0.29	0.24	0.31	0.33	0.3	0.2	0.21	0.2	0.31	0.35	0.29	0.34	0.36	0.33	0.12	-0.01	0.15	0.2	0.34	0.04	0.12	-0.72	0.52	0.15	0.22	0.88
2016	8	0.32	0.49	0.25	0.43	0.46	0.41	0.21	0.56	0.14	0.36	0.3	0.38	0.45	0.5	0.41	0.15	0.77	0.04	0.64	0.86	0.39	0.58	1.56	0.12	0.01	0.2	0.09
2016	9	0.3	0.37	0.27	0.36	0.56	0.23	0.24	-0.07	0.3	0.22	0.19	0.23	0.42	0.64	0.23	0.26	-0.22	0.34	1.02	1	1.05	-0.17	-0.67	0.07	0.35	0.33	-0.2
2016	10	0.28	0.12	0.34	0.27	0	0.44	0.29	0.4	0.26	0.35	0.37	0.35	0.23	-0.09	0.52	0.25	0.42	0.22	1.37	0.57	2.29	1.06	0.94	1.12	1.01	1.37	0.15
2016	11	0.35	0.39	0.33	0.3	0.31	0.29	0.39	0.58	0.35	0.27	0.28	0.26	0.3	0.31	0.3	0.47	0.83	0.41	0.7	0.25	1.22	1.27	1.89	0.98	1.84	1.57	0.02
2016	12	0.16	0.17	0.16	0.14	0.08	0.19	0.18	0.38	0.13	0.13	0.11	0.13	0.15	0.05	0.24	0.21	0.66	0.13	-0.09	-0.6	0.5	0.62	0.96	0.46	-0.14	-0.15	0.4
2017	1	0.26	0.4	0.2	0.23	0.41	0.12	0.28	0.35	0.26	0.06	0.14	0.04	0.32	0.44	0.2	0.4	0.65	0.36	0.66	0.6	0.72	0.64	0.51	0.71	0.21	0.23	1.13
2017	2	0.3	0.56	0.2	0.42	0.67	0.27	0.18	0.31	0.16	0.01	-0.07	0.04	0.64	0.86	0.43	0.28	0.61	0.22	1.09	1.08	1.09	0.51	0.93	0.31	2.06	1.8	0.35
2017	3	0.18	0.5	0.05	0.28	0.6	0.07	0.08	0.28	0.03	0.02	0.09	0	0.39	0.72	0.1	0.13	0.49	0.07	1.08	1.37	0.75	0.13	0.35	0.03	1.14	0.69	0.99
2017	4	0.18	0.17	0.19	0.18	0.26	0.13	0.19	-0.03	0.23	0.13	0.11	0.14	0.19	0.29	0.1	0.23	-0.1	0.29	-0.15	-0.27	0	-0.15	-0.46	0	0.89	0.95	0.39
2017	5	0.32	0.31	0.33	0.21	0.21	0.22	0.43	0.53	0.41	0.29	0.3	0.29	0.22	0.23	0.2	0.46	0.58	0.44	-0.15	-0.32	0.05	0.6	0.84	0.49	-0.01	-0.1	0.2
2017	6	0.09	0.08	0.09	0.15	0.15	0.15	0.03	-0.09	0.05	0.26	0.42	0.21	0.11	0.13	0.09	-0.11	-0.62	-0.02	-0.22	-0.13	-0.32	-1.34	-2.39	-0.84	0.35	0.32	0.3
2017	7	0.17	0.18	0.16	0.14	0.09	0.18	0.19	0.41	0.14	0.35	0.43	0.32	0.07	0.03	0.1	0.07	0.29	0.04	-0.42	-0.45	-0.39	-0.76	-1.03	-0.64	0.44	0.54	0.77
2017	8	0.29	0.25	0.31	0.29	0.31	0.28	0.29	0.1	0.33	0.32	0.42	0.3	0.27	0.3	0.24	0.28	-0.19	0.37	0.34	0.82	-0.21	-0.45	-1.08	-0.15	-0.59	-0.58	0.68
2017	9	0.39	0.39	0.4	0.37	0.46	0.31	0.42	0.23	0.46	0.38	0.45	0.36	0.39	0.48	0.31	0.41	0.03	0.48	0.86	0.77	0.95	-0.72	-1.17	-0.51	0.08	0.14	0.44
2017	10	0.47	0.53	0.45	0.48	0.53	0.44	0.47	0.55	0.45	0.33	0.5	0.28	0.54	0.53	0.54	0.56	0.61	0.55	0.53	0.22	0.89	0.98	1.35	0.81	0.99	0.9	0.72
2017	11	0.22	0.14	0.25	0.19	0.17	0.2	0.25	0.07	0.29	0.12	0.16	0.11	0.21	0.15	0.26	0.34	0.06	0.39	0.39	0.3	0.49	0.32	0.4	0.28	1.28	1.4	-0.18
2017	12	0.31	0.53	0.22	0.43	0.64	0.29	0.19	0.26	0.18	0.14	0.29	0.1	0.57	0.72	0.44	0.23	0.28	0.22	1.28	1.52	1	0.17	0.34	0.08	0.29	0.68	0.29
2018	1	0.15	0.36	0.06	0.35	0.51	0.25	-0.06	0.04	-0.08	-0.2	-0.15	-0.21	0.62	0.65	0.59	0.04	0.26	0	1.05	0.95	1.16	0.06	0.59	-0.18	0.54	0.65	0.27
2018	2	0.08	0.01	0.11	0.06	-0.04	0.13	0.11	0.12	0.11	-0.07	0.17	-0.14	0.16	-0.11	0.4	0.17	0.11	0.18	0.93	0.43	1.5	0.2	0.05	0.27	0.78	1	0.25
2018	3	0.15	0.39	0.05	0.24	0.47	0.1	0.05	0.23	0.02	-0.02	0.12	-0.06	0.36	0.55	0.19	0.12	0.34	0.08	-0.55	-0.51	-0.6	0.14	0.22	0.1	-0.47	-0.2	0.56
2018	4	0.09	0.34	-0.01	0.16	0.24	0.11	0.01	0.57	-0.1	-0.24	-0.28	-0.23	0.36	0.38	0.34	0.16	1.19	-0.03	0.62	0.43	0.83	0.95	1.77	0.55	-0.06	0.02	0.65
2018	5	0.04	0.23	-0.04	0.21	0.31	0.15	-0.13	0.06	-0.17	-0.11	-0.05	-0.13	0.38	0.4	0.37	-0.14	0.16	-0.2	-0.18	-0.45	0.13	-0.21	0.37	-0.48	1.8	1.41	-0.3
2018	6	0.06	0.19	0.01	0.18	0.28	0.11	-0.05	0	-0.06	-0.04	0	-0.05	0.32	0.37	0.27	-0.08	-0.07	-0.09	0.51	0.48	0.53	-0.08	0.34	-0.28	0.99	0.71	-0.65
2018	7	0.17	0.4	0.08	0.23	0.41	0.12	0.11	0.37	0.06	0.1	0.15	0.09	0.3	0.5	0.13	0.11	0.48	0.05	0.12	0.11	0.13	0.32	0.47	0.25	0.29	0.33	1.08
2018	8	0.06	0.22	0	0.08	0.22	-0.01	0.04	0.21	0	-0.04	-0.05	-0.03	0.16	0.3	0.03	0.05	0.38	0	-0.06	0.01	-0.15	0.17	1.01	-0.24	-0.04	-0.04	0.11
2018	9	-0.03	-0.07	-0.02	-0.02	-0.08	0.01	-0.04	-0.04	-0.04	0.05	0.09	0.04	-0.06	-0.09	-0.03	-0.1	-0.24	-0.07	-0.01	0.01	-0.02	-0.6	-0.95	-0.44	0.61	0.92	-0.01
2018	10	0.04	0.1	0.01	0.09	0.11	0.09	-0.02	0.08	-0.04	0.17	0.18	0.17	0.07	0.09	0.06	-0.14	-0.01	-0.17	0.8	0.98	0.6	-0.44	-0.13	-0.58	-0.04	0.34	0.17
2018	11	0.12	-0.02	0.18	0.09	-0.12	0.22	0.16	0.18	0.16	0.33	0.37	0.32	-0.05	-0.24	0.12	0.08	0.02	0.09	0.39	0.32	0.47	-0.26	-0.5	-0.15	-1.28	-0.74	0.41
2018	12	0.13	0.2	0.1	0.21	0.16	0.24	0.04	0.28	-0.01	0.17	0.1	0.2	0.22	0.17	0.27	-0.02	0.47	-0.1	0.54	0.59	0.48	-0.33	0.4	-0.67	-0.03	-0.07	1.1
2019	1	0.24	0.18	0.26	0.19	0.15	0.22	0.29	0.23	0.3	0.26	0.26	0.26	0.14	0.1	0.18	0.32	0.29	0.32	-0.49	-0.49	-0.49	-0.07	-0.26	0.01	0.37	0.37	0.9
2019	2	0.21	0.18	0.23	0.25	0.08	0.35	0.18	0.41	0.13	0.3	0.23	0.32	0.22	0.06	0.37	0.11	0.49	0.04	0.76	0.73	0.78	0.64	1.14	0.41	-0.24	0.13	-0.05
2019	3	0.22	0.27	0.2	0.25	0.25	0.25	0.18	0.32	0.15	0.31	0.28	0.32	0.19	0.25	0.13	0.15	0.31	0.12	0.73	1.22	0.17	0.18	0.4	0.07	-0.83	-0.13	0.38
2019	4	0.32	0.25	0.35	0.22	0.12	0.28	0.43	0.53	0.41	0.44	0.47	0.43	0.11	0.04	0.17	0.41	0.54	0.39	0.52	0.14	0.97	0.29	0.25	0.3	0.38	0.33	0.72
2019	5	0.2	0.09	0.24	0.13	0.01	0.2	0.27	0.27	0.27	0.27	0.34	0.25	0.06	-0.05	0.17	0.25	0.14	0.27	0.67	0.76	0.56	-0.23	-0.53	-0.1	-0.71	-0.47	0.32
2019	6	0.34	0.19	0.4	0.27	0.17	0.33	0.41	0.22	0.45	0.49	0.49	0.49	0.16	0.12	0.19	0.36	-0.07	0.44	0.64	0.6	0.7	-0.21	-1.45	0.38	-0.76	-0.49	0.12
2019	7	0.23	0.33	0.2	0.16	0.14	0.17	0.31	0.75	0.22	0.25	0.42	0.2	0.13	0.09	0.16	0.33	0.93	0.22	0.19	0.06	0.33	0.45	1.07	0.16	-0.01	0.24	0.52
2019	8	0.25	0.28	0.24	0.24	0.23	0.25	0.26	0.4	0.24	0.26	0.23	0.27	0.26	0.25	0.26	0.24	0.46	0.2	0.26	0.32	0.19	0.42	0.43	0.42	0.11	0.19	0.03
2019	9	0.44	0.49	0.41	0.46	0.5	0.44	0.41	0.47	0.39	0.41	0.59	0.36	0.51	0.5	0.53	0.38	0.29	0.4	0.51	0.39	0.65	-0.01	-0.33	0.14	0.88	0.95	0.35
2019	10	0.27	0.55	0.16	0.43	0.55	0.35	0.11	0.54	0.02	0.14	0.15	0.13	0.59	0.66	0.53	0.07	0.79	-0.05	0.68	0.73	0.62	0.82	1.32	0.59	-0.27	-0.06	0.28
2019	11	0.39	0.53	0.34	0.39	0.36	0.42	0.39	0.91	0.28	0.39	0.49	0.37	0.41	0.33	0.49	0.37	1.2	0.22	0.27	0.55	-0.05	1.26	1.67	1.07	0.1	0.5	0.28
2019	12	0.43	0.67	0.34	0.5	0.64	0.41	0.36	0.74	0.28	0.44	0.49	0.43	0.53	0.68	0.4	0.31	0.93	0.2	0.53	0.49	0.59	1.27	1.52	1.14	0.69	0.7	0.88
2020	1	0.41	0.57	0.35	0.44	0.54	0.38	0.39	0.65	0.33	0.5	0.54	0.49	0.41	0.55	0.28	0.33	0.69	0.27	-0.22	-0.08	-0.37	0.7	0.86	0.63	0.59	0.11	0.46
2020	2	0.57	0.73	0.51	0.71	0.85	0.63	0.44	0.47	0.43	0.6	0.57	0.61	0.75	0.92	0.6	0.37	0.39	0.37	-0.28	0.23	-0.87	0.79	0.54	0.91	0.16	-0.18	0.26
2020	3	0.34	0.39	0.32	0.42	0.51	0.36	0.25	0.11	0.28	0.51	0.56	0.49	0.37	0.48	0.27	0.12	-0.18	0.17	-0.95	-0.54	-1.42	-0.32	-0.94	-0.03	0.87	0.87	0.04
2020	4	0.26	0.37	0.22	0.27	0.23	0.3	0.24	0.67	0.15	0.35	0.4	0.33	0.23	0.17	0.28	0.2	0.93	0.07	0.63	0.74	0.51	0.86	1.47	0.57	-0.64	-0.36	0.85
2020	5	0.41	0.49	0.38	0.41	0.42	0.41	0.42	0.64	0.37	0.53	0.47	0.55	0.35	0.4	0.3	0.36	0.79	0.28	0.8	0.79	0.82	0.58	1.25	0.26	0.07	0.21	-0.11
2020	6	0.29	0.32	0.28	0.27	0.23	0.29	0.32	0.52	0.27	0.31	0.43	0.27	0.26	0.2	0.31	0.31	0.51	0.27	0.49	0.45	0.54	-0.05	0.03	-0.09	0.25	0.09	1.04
2020	7	0.3	0.36	0.28	0.29	0.21	0.34	0.32	0.71	0.23	0.28	0.41	0.24	0.32	0.19	0.43	0.31	0.82	0.22	0.23	0.02	0.48	0.67	1.32	0.37	0.42	0.29	0.32
2020	8	0.3	0.35	0.28	0.34	0.35	0.33	0.26	0.34	0.25	0.44	0.59	0.4	0.31	0.33	0.29	0.14	0.03	0.16	0.3	0.15	0.46	-0.59	-0.23	-0.75	0.36	0.25	0.32
2020	9	0.4	0.6	0.32	0.41	0.55	0.32	0.38	0.7	0.32	0.28	0.38	0.25	0.5	0.63	0.38	0.42	0.84	0.34	0.24	0.47	-0.03	0.43	1.03	0.15	0.73	0.62	0.74
2020	10	0.36	0.47	0.31	0.5	0.52	0.49	0.21	0.37	0.18	0.21	0.37	0.16	0.64	0.57	0.71	0.23	0.33	0.21	0.91	0.79	1.05	-0.45	-0.23	-0.55	0.89	0.83	0.07
2020	11	0.38	0.63	0.29	0.51	0.73	0.37	0.26	0.42	0.22	0.15	0.27	0.12	0.69	0.85	0.55	0.32	0.53	0.29	1.08	1.04	1.12	-0.24	0.04	-0.37	1.47	1.27	1.35
2020	12	0.15	0.1	0.17	0.11	0.18	0.07	0.19	-0.09	0.25	-0.06	0.17	-0.13	0.17	0.15	0.19	0.36	-0.19	0.46	0.47	0.4	0.55	-0.2	-0.76	0.06	0.35	0.36	0.17
2021	1	0.14	0.41	0.03	0.39	0.72	0.18	-0.11	-0.29	-0.08	-0.08	0.34	-0.2	0.6	0.75	0.47	-0.09	-0.54	-0.01	0.52	0.29	0.79	-0.73	-1.04	-0.58	0.45	0.59	-0.35
2021	2	0.2	0.27	0.17	0.3	0.41	0.22	0.1	-0.05	0.13	-0.16	0.08	-0.24	0.52	0.51	0.52	0.26	-0.2	0.34	0.03	-0.34	0.46	-0.19	-0.67	0.04	-0.63	-0.74	0.06
2021	3	0.01	0.34	-0.11	0.17	0.48	-0.04	-0.14	0.01	-0.17	-0.29	0	-0.38	0.39	0.55	0.24	-0.04	0.2	-0.08	-0.77	-1.04	-0.47	0.27	0.77	0.04	0.84	0.53	-0.47
2021	4	-0.02	0.12	-0.08	0.1	0.16	0.06	-0.14	0.05	-0.18	-0.26	-0.05	-0.32	0.27	0.2	0.32	-0.06	0.14	-0.09	0.02	0.04	0.01	-0.1	-0.41	0.04	0.16	0.26	0.64
2021	5	0.07	0.2	0.02	0.08	0.22	0	0.06	0.14	0.04	0.07	0.26	0.01	0.1	0.24	-0.01	0.04	-0.02	0.05	-0.13	0.17	-0.49	0.04	-0.56	0.32	-0.45	-0.43	0.38
2021	6	-0.02	0.22	-0.12	0.23	0.48	0.06	-0.27	-0.36	-0.25	-0.13	0.14	-0.2	0.41	0.57	0.26	-0.34	-0.76	-0.27	0.49	0.58	0.39	-1.15	-1.33	-1.07	1.38	1.21	-0.44
2021	7	0.19	0.52	0.06	0.26	0.51	0.11	0.12	0.54	0.03	0.14	0.34	0.09	0.34	0.58	0.13	0.08	0.58	0	0.32	0.36	0.28	0.06	0.49	-0.15	0.46	0.47	1.03
2021	8	0.17	0.49	0.04	0.26	0.49	0.11	0.08	0.49	0	0.07	0.36	-0.02	0.38	0.55	0.23	0.06	0.49	-0.01	0.82	1.06	0.55	-0.14	0.53	-0.45	0.31	0.26	0.26
2021	9	0.26	0.59	0.13	0.21	0.52	0.01	0.31	0.73	0.23	0.08	0.33	0.01	0.29	0.6	0.01	0.43	0.95	0.33	0.07	0.12	0.02	0.33	0.87	0.08	0.8	0.45	0.62
2021	10	0.34	0.68	0.21	0.4	0.75	0.18	0.28	0.52	0.23	0.28	0.59	0.19	0.47	0.79	0.18	0.27	0.48	0.24	0.6	0.73	0.45	0.16	0.97	-0.23	0.88	0.61	0.28
2021	11	0.06	0.3	-0.04	0.1	0.42	-0.1	0.01	0.03	0.01	0.1	0.42	0.01	0.09	0.41	-0.19	-0.03	-0.22	0.01	-0.45	-0.19	-0.74	-0.82	-0.79	-0.84	0.59	0.02	-0.19
2021	12	0.22	0.33	0.17	0.37	0.42	0.34	0.06	0.11	0.05	0.05	0.47	-0.08	0.53	0.41	0.64	0.08	-0.17	0.12	0.12	-0.17	0.46	-0.68	-0.51	-0.76	1.81	1.64	0.02
2022	1	0.06	0.21	0	0.14	0.3	0.04	-0.02	0.02	-0.03	-0.22	0	-0.28	0.33	0.37	0.28	0.08	0.03	0.09	0.75	0.94	0.52	-0.57	-0.49	-0.61	0.01	0.09	0.26
2022	2	0.04	0.13	0	0.04	0.12	-0.01	0.04	0.16	0.02	-0.23	-0.03	-0.28	0.15	0.14	0.15	0.21	0.35	0.19	-0.28	0.24	-0.88	0.45	0.85	0.26	0.05	0.16	-0.16
2022	3	0.18	0.44	0.08	0.32	0.51	0.2	0.05	0.3	-0.01	-0.05	0.27	-0.14	0.5	0.56	0.45	0.11	0.37	0.06	0.76	0.33	1.26	0.02	0.82	-0.36	0.42	0.6	0.29
2022	4	0.26	0.48	0.17	0.35	0.6	0.19	0.17	0.23	0.16	-0.05	0.31	-0.16	0.55	0.68	0.44	0.3	0.15	0.32	0.4	0.25	0.59	0.11	0.04	0.14	-0.2	-0.26	0.9
2022	5	0.13	0.33	0.06	0.16	0.34	0.05	0.1	0.3	0.06	-0.01	0.19	-0.07	0.25	0.38	0.13	0.17	0.36	0.13	0.13	0.21	0.02	0.31	0.66	0.14	0.47	0.33	0.52
2022	6	0.04	0.31	-0.07	-0.01	0.25	-0.18	0.08	0.45	0	-0.35	-0.11	-0.43	0.18	0.37	0.02	0.3	0.79	0.21	0.2	0.21	0.18	0.87	1.89	0.39	0.37	0.35	0.37
2022	7	0.32	0.5	0.25	0.27	0.37	0.2	0.37	0.8	0.28	0.12	0.49	0.01	0.37	0.42	0.33	0.48	0.8	0.42	0.43	0.54	0.31	0.23	0.51	0.1	0.64	0.51	0.81
2022	8	0.24	0.42	0.17	0.26	0.43	0.15	0.22	0.38	0.19	-0.07	0.24	-0.16	0.45	0.54	0.37	0.36	0.32	0.37	0.46	0.6	0.3	-0.05	0.51	-0.31	0.48	0.39	0.14
2022	9	0.2	0.42	0.11	0.39	0.58	0.27	0	0.05	-0.01	-0.03	0.2	-0.1	0.62	0.73	0.53	0.01	-0.2	0.05	0.7	0.44	1.01	-0.29	-0.33	-0.26	0.89	0.78	-0.19
2022	10	0.23	0.52	0.12	0.31	0.59	0.12	0.15	0.36	0.11	-0.06	0.17	-0.12	0.49	0.73	0.29	0.27	0.45	0.24	0.85	0.98	0.71	0.16	1.02	-0.25	0.08	0.12	0.1
2022	11	0.06	0.01	0.08	0.11	0.23	0.04	0.02	-0.47	0.12	-0.27	-0.08	-0.32	0.28	0.3	0.26	0.2	-0.72	0.36	0.45	0.29	0.63	-0.53	-1.51	-0.07	-0.61	-0.3	-0.57
2022	12	0	-0.03	0.01	0.15	0.16	0.15	-0.16	-0.46	-0.1	-0.38	-0.16	-0.45	0.42	0.25	0.56	-0.02	-0.69	0.1	0.86	0.64	1.11	-0.68	-1.35	-0.36	-0.25	0.09	-0.47
2023	1	-0.07	0.03	-0.1	0.06	0.28	-0.07	-0.2	-0.54	-0.13	-0.41	-0.22	-0.46	0.27	0.35	0.2	-0.04	-0.6	0.06	-0.1	-0.27	0.1	-0.84	-1.3	-0.62	0.14	0.35	-0.45
2023	2	0.07	0.27	-0.01	0.12	0.35	-0.02	0.01	0.09	-0.01	-0.14	0.18	-0.23	0.27	0.38	0.16	0.08	0.08	0.09	-0.26	-0.44	-0.06	-0.16	0.02	-0.25	0.63	0.31	0.11
2023	3	0.17	0.54	0.03	0.21	0.55	0	0.14	0.5	0.06	-0.17	-0.11	-0.19	0.45	0.76	0.17	0.27	0.88	0.16	0.15	0.43	-0.17	0.7	1.15	0.48	-1.37	-1.07	0.57
2023	4	0.12	0.21	0.08	0.04	-0.01	0.07	0.2	0.72	0.09	-0.1	0.09	-0.15	0.13	-0.02	0.27	0.33	1.12	0.19	0.47	0.29	0.67	0.97	2	0.48	-0.4	-0.67	0.4
2023	5	0.28	0.31	0.27	0.15	0.25	0.08	0.41	0.45	0.4	0.32	0.63	0.23	0.08	0.17	-0.01	0.44	0.25	0.47	0.52	0.74	0.26	0.03	-0.32	0.19	0.37	0.37	0.09
2023	6	0.3	0.44	0.25	0.33	0.34	0.32	0.28	0.66	0.19	0.5	0.63	0.47	0.25	0.28	0.23	0.14	0.62	0.05	0.29	0.18	0.42	0.46	0.85	0.28	-0.55	-0.55	0.2
2023	7	0.56	0.76	0.48	0.59	0.66	0.53	0.53	0.96	0.44	0.82	1.05	0.76	0.51	0.6	0.43	0.33	0.77	0.25	0.79	0.79	0.78	0.83	0.26	1.1	0.27	0.45	1.41
2023	8	0.61	0.82	0.53	0.77	0.94	0.66	0.45	0.54	0.43	0.78	0.99	0.71	0.78	0.94	0.64	0.26	0.15	0.28	1.49	1.55	1.41	-0.21	-1.31	0.31	0.71	0.8	1.3
2023	9	0.8	1.23	0.63	0.83	1.15	0.63	0.76	1.42	0.62	0.81	1.04	0.75	0.88	1.21	0.58	0.69	1.58	0.54	1.11	1.48	0.68	1.25	1.91	0.93	0.24	0.16	1.16
2023	10	0.78	1.06	0.68	0.85	1.14	0.66	0.72	0.88	0.69	0.85	1.14	0.76	0.9	1.19	0.64	0.6	0.5	0.62	0.81	1.14	0.42	-0.13	-0.19	-0.11	0.82	0.94	0.56
2023	11	0.77	0.96	0.69	0.87	1.17	0.67	0.67	0.49	0.71	0.87	0.95	0.85	0.89	1.25	0.56	0.54	0.09	0.62	1.08	1.54	0.56	-0.43	-1.12	-0.1	0.49	0.61	0.28
2023	12	0.74	1.04	0.63	0.92	1.25	0.7	0.57	0.57	0.57	1.01	1.16	0.96	0.87	1.27	0.51	0.34	0.14	0.37	0.31	0.26	0.37	-0.29	-0.71	-0.09	1.21	0.92	0.69
2024	1	0.8	0.87	0.77	1.02	1.04	1.01	0.57	0.5	0.59	1.2	1.19	1.2	0.88	0.96	0.81	0.28	0.1	0.32	0.4	0.22	0.61	-0.37	-1.1	-0.02	-0.19	0	1.12
2024	2	0.88	0.97	0.84	0.94	0.98	0.92	0.81	0.94	0.78	1.16	1.12	1.18	0.82	0.94	0.71	0.63	0.82	0.59	0.85	0.71	1.02	0.23	-0.13	0.4	1.31	1.13	1.16
2024	3	0.88	1.12	0.78	0.96	1.08	0.87	0.8	1.2	0.72	1.25	1.45	1.2	0.77	0.97	0.59	0.59	1.07	0.5	1.05	1.16	0.92	0.56	0.42	0.63	0.22	0.39	1.34
2024	4	0.94	1.15	0.86	1.12	1.38	0.95	0.76	0.62	0.79	1.15	1.33	1.09	1.08	1.39	0.81	0.58	0.11	0.66	0.88	1.39	0.29	-0.13	-1.09	0.32	0.86	0.79	0.54
2024	5	0.77	0.79	0.77	0.77	0.66	0.84	0.78	1.1	0.72	1.2	1.51	1.11	0.56	0.46	0.65	0.54	0.7	0.51	0.2	-0.05	0.5	0.66	0.6	0.69	0.04	-0.12	0.52
2024	6	0.69	0.84	0.63	0.78	0.81	0.76	0.6	0.93	0.53	0.85	1.16	0.76	0.77	0.76	0.77	0.44	0.6	0.41	0.63	0.48	0.82	0.03	-0.19	0.13	1.36	1.25	0.91
2024	7	0.73	1.02	0.62	0.86	1	0.77	0.61	1.08	0.51	0.96	1.19	0.9	0.85	1.01	0.7	0.38	0.78	0.31	0.56	0.67	0.42	0.64	1.49	0.23	0.44	0.42	-0.07
2024	8	0.75	1.19	0.58	0.81	0.94	0.73	0.69	1.76	0.47	0.74	0.95	0.68	0.89	1.01	0.79	0.63	2.16	0.36	0.88	0.8	0.97	1.4	3.38	0.46	0.4	0.36	1.75
2024	9	0.81	1.19	0.66	1.04	1.32	0.86	0.58	0.9	0.51	0.82	1.03	0.76	1.17	1.46	0.92	0.43	0.59	0.4	1.48	1.6	1.35	-0.2	-0.19	-0.2	1.31	1.08	0.98
2024	10	0.75	1.11	0.6	0.89	1.13	0.73	0.6	1.07	0.51	0.63	0.81	0.58	1.02	1.23	0.83	0.59	1.21	0.48	0.81	0.67	0.98	0.52	0.91	0.34	1.89	1.58	1.09
2024	11	0.64	0.94	0.52	0.87	1.22	0.65	0.4	0.32	0.42	0.53	0.6	0.51	1.04	1.38	0.75	0.34	0.13	0.38	0.79	1.06	0.48	-0.77	-1.42	-0.46	1.11	1.09	1
2024	12	0.61	0.97	0.47	0.75	1.07	0.55	0.47	0.73	0.42	0.52	0.76	0.45	0.85	1.16	0.57	0.47	0.7	0.43	1.12	1.54	0.64	0.33	0.34	0.32	1.41	1.7	1.54
2025	1	0.45	0.91	0.27	0.7	1.06	0.46	0.21	0.58	0.13	0.24	0.45	0.18	0.91	1.18	0.66	0.22	0.79	0.12	0.74	1.05	0.38	0.64	1	0.46	-1.07	-0.62	0.47
2025	2	0.5	0.57	0.47	0.55	0.55	0.54	0.45	0.62	0.42	0.26	0.47	0.2	0.7	0.56	0.82	0.56	0.77	0.52	2.1	1.69	2.56	0.38	0.22	0.45	1.03	1.22	0.87
2025	3	0.57	0.87	0.46	0.73	1.07	0.52	0.41	0.42	0.41	0.4	0.64	0.33	0.89	1.14	0.66	0.44	0.36	0.45	1.23	1.13	1.33	-0.24	-0.3	-0.21	1.24	1.28	1.2
2025	4	0.61	0.92	0.49	0.76	1.12	0.54	0.46	0.46	0.46	0.36	0.56	0.31	1	1.27	0.75	0.49	0.38	0.51	0.85	1.13	0.53	0.24	-0.14	0.42	0.81	0.78	1.21
2025	5	0.5	0.67	0.43	0.45	0.64	0.33	0.55	0.74	0.51	0.3	0.47	0.25	0.54	0.69	0.41	0.66	0.92	0.62	0.75	0.59	0.92	0.31	0.43	0.26	0.15	-0.01	0.98
2025	6	0.48	0.55	0.45	0.48	0.6	0.4	0.47	0.44	0.48	0.3	0.53	0.23	0.59	0.64	0.55	0.55	0.31	0.59	0.05	0.11	-0.03	0.58	0.66	0.55	0.8	0.69	0.39
2025	7	0.36	0.47	0.31	0.49	0.54	0.46	0.23	0.33	0.21	0.45	0.58	0.41	0.52	0.55	0.5	0.1	0.07	0.11	0.4	0.17	0.66	-0.1	-0.52	0.09	0.32	0.38	0.53
2025	8	0.39	0.47	0.36	0.39	0.47	0.34	0.39	0.47	0.37	0.16	0.26	0.13	0.53	0.54	0.52	0.49	0.56	0.47	0.82	0.83	0.81	0.7	1.16	0.48	-0.06	0.09	0.11
2025	9	0.53	0.89	0.38	0.56	0.88	0.35	0.49	0.9	0.41	0.35	0.53	0.3	0.67	0.99	0.39	0.56	1.13	0.46	0.77	1.02	0.48	1.31	1.71	1.13	0.38	0.37	0.3
2025	10	0.53	0.93	0.38	0.52	0.81	0.33	0.55	1.2	0.41	0.24	0.45	0.18	0.67	0.91	0.47	0.7	1.76	0.51	1.42	1.18	1.69	1.54	2.85	0.91	1.12	1.08	1.67
2025	11	0.43	0.9	0.24	0.59	0.99	0.33	0.27	0.71	0.18	0.24	0.45	0.18	0.75	1.13	0.41	0.3	0.89	0.2	0.78	0.83	0.74	0.86	1.61	0.5	1.32	1.23	0.36
2025	12	0.3	0.52	0.22	0.45	0.56	0.38	0.15	0.42	0.1	0.19	0.4	0.13	0.57	0.58	0.56	0.15	0.5	0.09	0.32	-0.17	0.88	0.28	0.67	0.1	2.1	1.77	0.38
